BUSINESS_ID,NEXT_1MONTH_REV,NEXT_2MONTH_REV,NEXT_3MONTH_REV,NEXT_FURTHEST_3MONTHS,AVG_ACTUAL_REVENUE,REV_30,DIFF_ACTUAL_PREDICT
159ebbfe-4e85-4b0d-8bff-3b084c3e1b63,34.08,6,336.46,4161.55,756.3483,2841.0878,2084.7395
03c1f959-65b6-4d8d-a0f4-2c835e21b776,1252,1105.79,464.22,3803.5,1104.2517,1267.1054,162.8537
b5451285-edaf-46b8-9c63-76fbddf045fb,3.74,,,5.38,1.52,1783.057,1781.537
bc3518c0-3b4b-4396-818d-8f16922824fe,106.3,94.4,43.5,134.76,63.16,877.2601,814.1001
ebaa098d-99d1-4e31-b6c2-d52384e3e7b6,464.62,1230.43,1323.73,2749.24,961.3367,757.6952,-203.6415
0eb5ab3b-1439-4f37-afb6-85d6e874f2ba,5742.84,10787.31,8856.81,28324.18,8951.8567,5208.9667,-3742.89
4e1f8bdd-f8d7-4968-9bee-f0367110c90d,88.77,63.14,269.62,5183.74,934.2117,764.299,-169.9127
8064ffad-8fce-4129-99e5-19ff0243c286,13755.15,35775.56,43194.84,61939.16,25777.4517,5432.6414,-20344.8103
045ef569-7b50-49fc-a695-acf0ba9e1664,2175.61,2416.73,2053.38,12477.23,3187.1583,1034.9782,-2152.1801
57ce9175-b790-4498-84c9-206bb227ea5c,491.25,,921.62,1815.75,538.1033,1305.4542,767.3509
c9a534a5-8edd-4ecd-88ec-b48b7424ad4e,1490.4,,841.55,1928.25,710.0333,782.8173,72.784
5a51dea3-8f0c-48e3-a631-34bcc68a49c1,8165.47,1104.85,2103.4,246.11,1936.6383,1110.3229,-826.3154
c142c2f5-adc8-426b-bf14-255ef4296f1d,324.16,234.23,,48.91,101.2167,624.3024,523.0857
1f518a42-4e3d-4427-ab7c-dc63cd8412d9,32460.03,11317,18862.79,34775.29,16235.8517,9375.6875,-6860.1642
394f0b32-68da-47d1-be7a-098596549708,2274.48,3444.9,4309.18,14430.98,4076.59,2190.3352,-1886.2548
7654c2dd-cdd9-4a2e-9f38-51d343f3f02d,62797.15,,53472.85,130780.71,41175.1183,12030.8516,-29144.2667
2e9c41c8-69a5-4bee-8565-85f63d588910,116.52,250.39,188.62,219.46,129.165,2098.2143,1969.0493
77ca48d7-83b7-4603-baf0-65fa88a80186,,,98.79,1009.19,184.6633,711.1007,526.4374
8f2b90f9-1c81-47a7-9de0-99dddffdc90b,4500,5600,1389.5,2875.96,2394.2433,1117.1201,-1277.1232
b7a38624-bf25-4e39-8e34-1d9c193164d2,38506.07,25631.86,24240.56,132293.27,36778.6267,18332.0286,-18446.5981
267dcce3-fa38-4aa5-a270-0127ea988336,568.75,3993.49,10427.23,16709.14,5283.1017,1524.0082,-3759.0935
7e5e17c9-5b0f-446e-a1b8-71fb579fc742,11.26,50,,105,27.71,1157.7432,1130.0332
6a7a7345-c90f-40fd-8b95-4f47917948d5,129.15,33.96,12.71,20.63,32.7417,689.9733,657.2316
351a0772-bb3f-4268-9ab5-9ce53cb068b2,210.12,173.49,429.79,740.77,259.0283,571.6529,312.6246
2896a7cd-dbd2-481c-91a4-8c67150a143a,0,,32.92,,5.4867,655.1754,649.6887
95372cdb-8b3c-4b2e-ae2a-5a71b547fba6,2790,1695,4788.71,15785,4176.4517,2622.0519,-1554.3998
db84e409-0124-4a32-9400-989edd28106f,400,200,110,1840.24,425.04,685.147,260.107
0c9e8fbd-bd50-4920-b10a-53217a7b8c41,18382.43,9384,11664.06,45293.99,14120.7467,3323.3636,-10797.3831
8c1b7011-e5d4-43e3-9b2f-b06bbed1a4a4,,,124.47,4931.52,842.665,1027.4195,184.7545
410e5d90-e803-411a-b334-2104d49d81f8,1705.75,1720.63,2598.62,5582.62,1934.6033,1847.3841,-87.2192
7a375729-5874-4503-81ba-c05938b958dc,96.5,38.54,,1047.56,197.1,874.4985,677.3985
d81e3981-70e0-4594-b6df-755ac5a63a32,2043.41,2251.92,2178.59,8303.25,2462.8617,1761.8291,-701.0326
bfc711a8-8798-467a-abad-eeaa5b65a604,1208.07,1666.47,906.32,3079.43,1143.3817,662.0397,-481.342
29c55024-a458-4dc4-8333-3cb41ab099d3,38103.12,18292.96,,156.06,9425.3567,28837.4629,19412.1062
141aabba-bc28-47bc-b4fb-00b41c4e400e,,86.7,81.22,10332,1749.9867,1401.8608,-348.1259
4df9d71d-a3c1-4116-9679-aa9c5fa50e6c,2000.07,899.72,499.8,1230.98,771.7617,1848.9371,1077.1754
62c05792-8935-439c-b1ba-a60f9ff28362,408.54,740.27,1100,162.02,401.805,3620.1965,3218.3915
41842951-0402-4a6a-9e46-ac8eab75b2f7,1111.59,,1551.2,1578.9,706.9483,679.7432,-27.2051
9bba2fb7-687d-4e78-825d-a0cc0a621d64,2588.96,3401.38,3314.94,5021.89,2387.8617,769.983,-1617.8787
9a4b3115-0966-4320-951a-19ccf060254a,932.75,811.76,1088.54,7092.39,1654.24,4267.3094,2613.0694
c929115e-14a2-4f47-9664-4d72912ba170,6455.17,19429.04,18646.21,29311.82,12307.04,5654.592,-6652.448
99deb263-c602-403c-9e14-f1a9e417c4b3,1514.07,1078.01,2436.39,4869.15,1649.6033,2093.9644,444.3611
97e7fe9f-9ec9-4cb4-8278-ec4b08990a33,246.84,21.82,,115.34,64,730.4275,666.4275
a944b770-93d5-4542-bcbb-2c13897824aa,1250,,,155.22,234.2033,927.0129,692.8096
33ab2c78-3306-4f98-a46e-e5ea967af1fd,,,11000,12095.5,3849.25,1398.6946,-2450.5554
57b8c558-bc9c-475a-ae5b-0d17cf0df258,7311.24,8499.23,5508.33,14743.57,6010.395,2225.5506,-3784.8444
0aa00cfc-1115-4b11-9853-fa32482e4d35,488.58,503.18,1130,1723.6,640.8933,956.43,315.5367
7d17f809-5c79-4841-a8fb-04b038e3821e,49.12,,299.51,,58.105,1206.4668,1148.3618
d4aa036a-83ca-478e-bac6-8af3dfdbdda0,2831.3,551.24,282.33,14963.03,3104.65,1042.343,-2062.307
3519e586-b242-4faa-85bf-9b79dc312a6d,4726.88,2731.52,2372,343.81,1695.7017,788.8121,-906.8896
fd6cc501-e74d-4a6a-a4a0-95c0518a218e,,81.57,,,13.595,910.1896,896.5946
d48960bf-16b9-44a0-9473-4e566f605b12,2481.95,419.95,467.99,475.84,640.955,751.5681,110.6131
c0ab672d-aaeb-474b-8e3e-4d50b95c6000,599,1000,,585,364,774.2096,410.2096
f7d36e63-5cc7-4d29-bce2-09918bda9135,13441.16,13146.02,18300,46564.01,15241.865,4756.111,-10485.754
2b2cf63c-24bf-4d0c-b7b8-6a30dde9856f,892.45,740,9728.5,40314.56,8612.585,1182.4273,-7430.1577
aad66ac1-85a7-4835-be59-5a4856cae816,,1299,,88611.53,14985.0883,2071.9013,-12913.187
2b4eb70f-0a37-4aa1-bd7c-19110baf7840,80.74,211.14,,53.73,57.6017,738.7606,681.1589
e8219e34-6bb0-4e4e-849e-2783404760bf,4000,4793.58,271.14,,1510.7867,899.825,-610.9617
32947d50-65c5-448a-9bf1-867ab1a3e52f,1847.69,31.14,190.53,352.76,403.6867,864.6879,461.0012
c7d98755-8f13-4382-a780-eefea196da67,2050.34,300,2200,5428.1,1663.0733,1121.569,-541.5043
850873b2-878b-40ba-98a9-1cef4a01007c,74.16,,,38.01,18.695,1401.5023,1382.8073
9723da04-38cd-4bcd-8115-e06fd19ce225,1738.08,604.32,508.74,1542.76,732.3167,977.5127,245.196
237dfc16-fa99-470c-9e68-65c322cd9f43,9692.76,8429.4,19863.49,31825.89,11635.2567,2856.6322,-8778.6245
0ae959e2-a38d-4f79-b5e8-01cc8562b67d,19.46,12.84,12.92,38.84,14.01,845.7256,831.7156
8a5b7132-b1fe-4a89-aef6-b5ee6e98b6de,1166.41,4778.15,4727.23,9302.47,3329.0433,1458.6766,-1870.3667
1df0a61b-ea88-4fda-922d-fac9565813d5,1097.78,225.79,12155.33,40919.16,9066.3433,2524.8381,-6541.5052
bffc20f4-fe29-498a-8540-ef1481919896,2555.36,,32,,431.2267,1120.1277,688.901
5ab689c3-1fe3-44a5-81d9-1ddd79541866,,23.88,,,3.98,2726.3292,2722.3492
d4801131-4308-4c53-b503-d2c5cdb5578e,2113.67,3.2,851.96,3725.81,1115.7733,602.9215,-512.8518
f0a1fc72-752b-4df4-8a41-e1cd7e8db025,1489.53,1444.58,1972.51,5197.99,1684.1017,1740.7251,56.6234
d908c700-e70f-4935-8772-5beba34995c7,807.18,495.3,400.38,707.38,401.7067,1069.9977,668.291
2b89fa34-3b3e-4b56-9837-1d411c7e61bd,2236.72,4706.3,4555.16,20257.48,5292.61,6233.3999,940.7899
c0bede2d-2703-4989-a923-173976db29ed,1624,4831.25,,,1075.875,2527.7753,1451.9003
2be0e28a-b66c-470f-9c2c-6e75bb7585e8,11116,5830,6452.72,9800,5533.12,3861.8643,-1671.2557
6f6357b4-3636-4ea2-bf13-fcc31b6b02ab,4355.67,4065.7,1806.95,265.63,1748.9917,1172.1282,-576.8635
8a940d08-4629-45d1-82c3-240f399a502f,419.81,22,,5861.61,1050.57,2231.4423,1180.8723
4f106bdc-f083-4292-86a2-d9a52a4c266a,2755,917.85,935.7,67.36,779.3183,1265.5421,486.2238
2f95a0ec-03a8-4364-8444-dfeb2fad079f,4559.48,3540.8,3316.2,4911.7,2721.3633,3533.6677,812.3044
29e60c2f-cb16-4e38-8edd-9394ec6819de,3056.88,,7500,674.99,1871.9783,6574.0114,4702.0331
fd560c0d-c028-443f-a2b7-e799a8e46f6e,14381.86,5218.43,,13403.2,5500.5817,2418.055,-3082.5267
bd0df458-5228-47d0-b81b-915c3d5b7866,4496.1,4617.69,4074.29,10784.66,3995.4567,3102.408,-893.0487
c851a082-9512-47c2-994d-ef0a9b6fe6ae,1196.9,505.23,588,1990.28,713.4017,1418.3472,704.9455
1157e4b5-86cd-414c-bde8-5466927ec14f,531.42,930.24,476.67,628.9,427.8717,592.0765,164.2048
d2631e78-3599-4e27-b105-dc74306d694b,3247.39,2054.01,2264.87,9697.25,2877.2533,1587.3328,-1289.9205
cf01cbc0-cbc7-4c03-ac1b-94d31b1f2a91,1207.87,2007.63,2585.93,4577.54,1729.8283,1012.0584,-717.7699
a6ab60db-f18a-4346-98bd-12424f99d7ec,123.12,59,324.28,324.44,138.4733,786.8606,648.3873
5dfa5f7c-0d60-467f-8e0d-8910dacbbcf5,,,556.11,35.45,98.5933,859.6932,761.0999
555f398f-9d01-4e5b-8151-106325732862,0,0,0,750,125,804.9151,679.9151
00a271cb-d2e5-4349-b766-ac727a85028d,9.5,0.08,0.41,49.99,9.9967,982.3616,972.3649
45d067a1-f22e-4c8e-a66d-e264e8f0e0de,389,2072.02,103,1058.24,603.71,1117.9033,514.1933
f3a5e692-a64a-4f7e-a4be-99c4b01002bd,579,152,816.65,1235.27,463.82,893.449,429.629
fa5c9976-1749-40e6-b081-3f2f20ce3007,24549.9,33602.19,6324.87,39414.24,17315.2,4653.0284,-12662.1716
1dcf3a8a-e1b9-453a-a931-0b2abf1f8e0f,420,990.34,,,235.0567,782.9341,547.8774
e3c39138-cb85-4c57-a15e-dc9759b27662,100,95.19,,479.66,112.475,1296.1297,1183.6547
989a1614-a36d-4bf9-ad0b-9962415f5110,10077.56,6443.72,42284.91,45665.25,17411.9067,15062.2385,-2349.6682
b7ddf165-e619-4974-9aae-19d29c87fd03,4483.55,3838.13,,387.96,1451.6067,7190.9068,5739.3001
a58d210a-19fe-46b5-9185-8f0affc9de55,378.08,300,,,113.0133,739.3526,626.3393
9322bb1e-d086-4857-a635-5d131f0f996c,,877.64,600,5001.95,1079.9317,608.5048,-471.4269
177f26c8-b1ec-4000-9b7e-6e79b136c894,1500,1500,1500,5253,1625.5,1308.8634,-316.6366
0b3d543f-21d8-4b30-9948-2c8e135b0f3d,3883.25,3537.69,6680.25,11866.01,4327.8667,1922.8093,-2405.0574
e911bc98-ac9d-4077-9d38-9b639ae4a651,11120,15873.5,26624,89260.12,23812.9367,16814.5098,-6998.4269
e1ef7e41-26ec-44d4-b4d1-d5a01327f31b,1706.14,1502.84,1319.79,2462.53,1165.2167,973.0109,-192.2058
38a47dea-9f4f-4500-9fb8-dccab7b33bfb,193.6,1453.5,971.9,193.6,468.7667,1108.0497,639.283
28488357-252e-4a59-84dd-3a4e7473e3e8,80,,,100.25,30.0417,794.7508,764.7091
061852cc-8dbf-4bf2-b082-00d52e40b361,280.18,,2390.74,466.92,522.9733,1400.6116,877.6383
198af8d7-fcf0-4636-800b-2b49cdbfbb2d,313.54,582.42,476.15,3437.69,801.6333,811.4181,9.7848
8ae66017-8038-4d25-80e1-ae961f56a1de,6990.5,164.31,1379.41,5950.24,2414.0767,802.8267,-1611.25
ce0068c4-9c67-4588-b05d-2a4c956823fa,201.87,196.88,291.25,3.5,115.5833,577.659,462.0757
095498ca-e054-4ad0-866d-1722fa1ad07a,7955.6,4416.41,9303.25,39678.23,10225.5817,2791.7602,-7433.8215
0c515ecd-71d3-4ae5-ba25-c30f34b3d384,42.02,2486.79,30003.94,58980.54,15252.215,9841.9269,-5410.2881
2c6a7e89-b409-4ac4-813f-e2f931bead33,12169.17,13630,12987.76,15651.41,9073.0567,2748.7183,-6324.3384
9c19a10a-f86a-4233-b7b2-63155baa3387,2620.31,3278.49,4628.47,18116.42,4773.9483,1831.837,-2942.1113
b26d3508-23f3-4dcc-ad6f-fb97a3d8761c,33164.82,4.81,41963.03,19829.38,15827.0067,2201.011,-13625.9957
cd4ba4dd-350f-42b8-91d5-4fc052560c44,1121.06,2630.4,2422.24,3498.2,1611.9833,1148.038,-463.9453
3244fb7d-e35f-4129-8f03-119a65b725f4,3606.38,2246.12,2599.53,9898.74,3058.4617,1187.0734,-1871.3883
3bb05626-7f3b-487b-a704-7f1475fadb00,1452.28,1683.96,2075.8,8516,2288.0067,1706.2531,-581.7536
f364365d-ba5a-4f6a-a537-04806a5d963c,200,627.75,,2051.05,479.8,816.819,337.019
25ad4757-561c-4133-ac0c-71bdd2744d78,,,600,,100,665.946,565.946
2aa7c539-3fcc-4701-b0b8-0ec4e417e1fb,1331.26,73.9,,3950.76,892.6533,1168.1838,275.5305
e431a1a0-5716-48b7-9c9a-f541b9b1b4b5,1024.23,388.04,149,,260.2117,1083.3341,823.1224
f269a096-c6e0-4fb2-8b04-7a1f42e6b44f,,,3440,1965,900.8333,1657.0946,756.2613
15fa003c-a0e7-4b02-9238-316cc2aa455d,10209.52,9037.48,9183.27,28163.66,9432.3217,5572.7018,-3859.6199
49989b67-5508-42db-88d9-aed8195c40fc,9062.39,,3496.8,572.19,2188.5633,7850.5074,5661.9441
a8b27d1e-f3c0-4c4f-b93a-56a41e412d2b,8546.76,17201.01,26617.19,44113.76,16079.7867,4894.7435,-11185.0432
044d3a53-ae79-4342-84c8-5054a4b7654a,0,27.56,,394.58,70.3567,543.3411,472.9844
68451f84-3549-409c-a119-6aefae751999,2806.76,40,242.3,414.48,583.9233,4468.7574,3884.8341
21ffa946-f599-4169-b2a7-d031df3ff0a8,7860,,,19904,4627.3333,1306.2271,-3321.1062
15439d8b-7376-411e-b000-486552893666,2031.6,3425.38,2532.27,6099.13,2348.0633,2088.7201,-259.3432
831febff-ee32-41d1-85fd-1ee3d8b4be9e,,1295.01,,58.16,225.5283,995.0176,769.4893
de0f8020-d568-4377-9f9c-83c3719e47be,55.36,1482.69,1921.27,4734.22,1365.59,464.132,-901.458
b615f7a3-d833-4b61-8517-28b577f63325,17045.4,5120,13627.6,28118.7,10651.95,6809.5132,-3842.4368
1cb3f38f-be3f-48f1-a6df-5aa6162beb58,4188.93,5426.04,7614.33,1077.92,3051.2033,1420.4495,-1630.7538
716f4bdf-b78d-43e5-ae46-ac902facae8b,955.84,100,157.33,533.35,291.0867,664.1172,373.0305
ffd540f8-e665-41e1-8066-4b11fd3ad3a5,411.81,305.48,225.97,2166.05,518.2183,763.9566,245.7383
2a1b23f9-6711-48c8-aabb-f14331800f73,14256.18,14505.26,13239.3,39430.42,13571.86,7606.4131,-5965.4469
54b6494c-2212-437a-a4de-84c493a27eb3,89.3,517.62,1971.25,764.77,557.1567,853.915,296.7583
038599d3-8622-4f20-ac54-758e56a4b724,1309.85,237.57,1332.07,4720.1,1266.5983,1146.614,-119.9843
d42ba3b4-f3b0-4b49-b88e-1b866d717d05,4490.55,3184.23,2976.89,9057.22,3284.815,1715.6309,-1569.1841
db00b68a-d8f1-4a9e-8f0e-15f4ae77c223,2332,2019,1955,2964,1545,1032.0089,-512.9911
60ae4742-e471-4cac-8a83-f200d59f3338,6074.69,4758.84,6713.42,20842.89,6398.3067,4200.36,-2197.9467
47c5fd57-c01d-4733-a8c2-a45e21c949b8,,7165.9,,40265.44,7905.2233,3377.5296,-4527.6937
0560db19-0535-47d5-911a-b186d47ae906,7940.67,5803.49,8166.68,23665.23,7596.0117,3881.8851,-3714.1266
bd2367a6-a9a3-48bf-942a-11c5e4c50c6e,750,,,,125,867.2108,742.2108
15ae99eb-76d1-45ff-8133-2ba33b37f6bb,18373.33,8802.87,7282.63,29844.93,10717.2933,13577.2865,2859.9932
357bfb77-5f9d-417b-b74f-f717976cdf88,5735.61,1947.76,7098.46,19846.2,5771.3383,4145.9371,-1625.4012
2d14e20f-6574-48bc-aa7f-f434445686bc,1000,1000,3000,8218.95,2203.1583,4438.0886,2234.9303
48e76ab8-de40-4fb4-8daa-6745ca6f90ef,116.28,21.67,70.41,1106.22,219.0967,795.2474,576.1507
f642575f-05d6-43ab-aa8a-6a198799408b,21780.52,20957.51,8897.73,70771.83,20401.265,4784.9365,-15616.3285
23be8691-27bc-45ed-b40c-b305eeed9ad1,58.83,,703.09,,126.9867,1572.7824,1445.7957
0a80ad62-582b-4eac-91ec-000b13ece137,2037,606.25,326,3356.32,1054.2617,1196.2234,141.9617
3c7aa0b9-56eb-411d-a15c-b02906ce9c8f,17.84,84.44,19.53,38.37,26.6967,643.8794,617.1827
9e380312-c2b4-4699-a6f9-ac81cbfd32e4,888.08,20614.7,6748.59,25929.12,9030.0817,5399.6647,-3630.417
34f2056b-27c6-4d93-bb3b-83d0f199aa5e,2975,100,,600.36,612.56,1609.0778,996.5178
cb9181ac-cb97-4b28-bfb7-92c73f84bcfa,11230.71,14838.61,24841.58,33878.14,14131.5067,5262.2974,-8869.2093
dd8ca59f-d9fe-4500-9e53-1fa59e6f4a5d,,298.5,292.5,1213,300.6667,978.3754,677.7087
b01f781e-0c46-4ccb-9dc4-5541ce7f37ad,11186.95,9469.24,13180.01,28434.88,10378.5133,3911.2746,-6467.2387
ca4496b2-ba61-4983-9b1f-8876f38d1bce,,,1564.38,2463.66,671.34,1160.0884,488.7484
72532a8f-4259-45f2-8fa6-7dc58ea802d8,1963.09,1132.78,2870.67,9232.71,2533.2083,1244.9255,-1288.2828
29f05f2e-2f64-4ba1-9f56-c121bebfbc5c,17196.47,11246.06,,,4740.4217,11075.5126,6335.0909
6c67ce60-2b78-4e14-bddd-7d135be172a3,1580,9400,,480,1910,5631.984,3721.984
1213d3ac-b80d-444e-9571-46a162f3f9ed,1000,100,9172.5,3064.86,2222.8933,1083.9162,-1138.9771
0104aadc-0181-40da-9f3e-f7d0201675c8,6085.02,4568.16,10965.72,28829.52,8408.07,1998.8045,-6409.2655
6b43ee27-b13f-46b1-9fd3-46d7be2a30a3,111216.07,13820.91,17191.66,161978.41,50701.175,69111.388,18410.213
ac3a2718-ce5e-42bd-88b2-69c381dbf131,4516.95,2579.83,1058.15,6127.99,2380.4867,1408.8815,-971.6052
3c0e0134-6434-4181-9ed6-1ad0d3ff6022,1297.93,3585.01,539.51,2722.47,1357.4867,1133.6545,-223.8322
8a04474d-aa08-4afd-b0d0-9e4062e4f88c,3150.1,,100,,541.6833,2130.7076,1589.0243
1e779d51-8dfd-4048-bcf2-95f6e4b14ede,5003,10948,43272.61,,9870.6017,1087.7872,-8782.8145
6681bb6b-fd89-410d-b605-7cd03024d961,42265.45,24218.87,33271.63,150681.3,41739.5417,18267.4997,-23472.042
0220c56a-0147-4907-b9e7-94ed95a9ec78,457.04,1650.43,1052.92,1162.91,720.55,843.5476,122.9976
0ed2bda6-1dba-4467-a083-b08dc9c64e4d,6741.92,10597.41,,13095.14,5072.4117,2963.7348,-2108.6769
b9760281-85e2-4de0-bd2c-4706d5541703,2615.37,6853.9,4728.12,16596.38,5132.295,1775.2138,-3357.0812
40d05017-8e99-41b6-b0b8-8b33aba2e3ec,406.26,728.89,2763.95,940.53,806.605,776.6996,-29.9054
6e7cd1f6-7070-4b81-abca-9836fd8b38c6,4614.43,8151.34,3221.21,19296.79,5880.6283,3853.1344,-2027.4939
311d7224-0dae-4e58-9571-26b6f382a957,15293,12600.5,33700,51524.49,18852.9983,13357.0425,-5495.9558
b5aa37cb-8136-4756-8af6-3621b1e3b2e1,4339.56,2412.69,21.63,532.75,1217.7717,1396.4477,178.676
441c9665-e0f7-48db-8532-a8a2384923d5,3806.35,3067.65,2706.64,10316.07,3316.1183,1134.0477,-2182.0706
39ad47f6-631d-457e-b3f7-a4d592370493,6315.6,6827.65,1865.91,2236.12,2874.2133,3278.4717,404.2584
86f64340-8d04-4950-bebb-09a370932e06,50.52,51.25,131.94,1007,206.785,1135.4682,928.6832
c05f5e2e-f3c5-4bef-abdf-0d7d04a183d0,1,7973,19018.46,27209.76,9033.7033,1886.4912,-7147.2121
a9ea0d5b-ff83-42df-89a4-f3e90860609b,4668.61,11606.7,10223.9,4349.62,5141.4717,1364.9366,-3776.5351
088422e1-54b6-4807-af5f-3c9ec7e4ec83,1284.33,1932.8,4606.55,7768.63,2598.7183,1699.2956,-899.4227
049ecd89-7bfd-43e9-804b-a8392952450f,20499.2,4699.2,10266,15798.4,8543.8,7686.0196,-857.7804
7f9ef902-3a4f-4d3e-9283-6fba9ab09e9e,4704.49,3000,3620,6930.96,3042.575,1815.7734,-1226.8016
bd87887a-4181-40a8-95d1-64883179218c,,366,19.97,490,145.995,1108.419,962.424
ecb78f3d-b1a2-4afa-a58e-145cb5ac3ad3,1667.75,1181.78,1083.19,3429.52,1227.04,1004.8785,-222.1615
41022f23-5c51-48b4-9b30-9c97b5f847b5,2500,5250,,500,1375,2334.5021,959.5021
6f86c3b3-c63d-4b68-8a3f-e059c2b2eb9b,,,9,1351.25,226.7083,530.969,304.2607
18938138-1ca3-4cc8-99df-8149cc8357fa,4068.48,1762.2,795.72,496.09,1187.0817,936.1475,-250.9342
c344193c-44db-49ce-8ef8-48aa49545cff,3302.36,5881.33,5009.05,5036.78,3204.92,1404.941,-1799.979
6eac52b8-b18a-4f3d-9242-479e5a8905df,479.25,879,114,3101.5,762.2917,778.8377,16.546
0040a903-b835-42b7-a70b-308f59f37b71,6844.99,1524.97,3753.08,18164.28,5047.8867,5310.2834,262.3967
229f1e5d-5e44-483e-aaf1-9cf8875a30ed,1252.91,1746.65,2083.85,2323.83,1234.54,1441.5268,206.9868
d3e8e9ec-cc89-462d-a690-d00feb317cb0,383.72,300.92,350,2300,555.7733,1350.4036,794.6303
215c78b7-4227-4662-8334-67aa5ee3f63d,1518.58,3706.96,5430,15413.53,4344.845,1942.2663,-2402.5787
b23d0a80-55dd-48c2-abdb-d5e5375a2b40,5330.3,5616.39,4376.56,17370.27,5448.92,2283.6069,-3165.3131
cabb5402-4885-41ff-a9b8-88f4674398ec,3020.85,2658.89,2541.26,9209.62,2905.1033,1281.2884,-1623.8149
64e63422-ae42-420e-aa14-ebb124a9711f,3076.48,5645.43,1396.21,63.13,1696.875,923.5605,-773.3145
cc76bc2a-62d0-4a8e-aa15-573f1886d97e,1989.17,945.38,2437.2,8684.48,2342.705,1074.4031,-1268.3019
84843446-4943-4c75-bf58-660e6d422390,,1162.24,1187.82,4067.45,1069.585,660.5316,-409.0534
5e64b22d-3ea1-49e7-9587-f064df66734f,3973.12,4077.22,5714.88,26613.02,6729.7067,1164.8216,-5564.8851
5945b115-6aab-4fd1-9eed-8d03a5d2ddb6,4500,1500.99,3000.99,77,1513.1633,1402.3534,-110.8099
b1668b5e-4a88-422c-ac02-5e584c776724,,13591.6,,6803.84,3399.24,2275.5396,-1123.7004
b1668b5e-4a88-422c-ac02-5e584c776724,,13591.6,,6803.84,3399.24,2275.5396,-1123.7004
bc275ae7-575b-4a78-b117-95dd94b6b59b,3531.31,1506.97,1126.33,3137.68,1550.3817,1102.6564,-447.7253
dde3c254-8a60-4580-9fbc-0bdba12b6c8c,10654.96,11285.84,15793.3,43936.59,13611.7817,9567.3265,-4044.4552
462b513f-76a5-4f9f-be2d-55329b197c11,2790,11040.14,8687.59,2219,4122.7883,1263.4507,-2859.3376
1430c202-6667-4f8d-9fdb-54ae5e7c7d35,6747.08,1010.41,4199.18,8031.27,3331.3233,3017.4715,-313.8518
259dba2f-bd0a-4af3-b0c6-9a127ef90130,2585.28,1752.8,946.4,5641.47,1820.9917,1230.3614,-590.6303
339ba7d2-15e3-4300-b53f-c0ddab3b747f,2976,485,1300,15664.67,3404.2783,2836.0687,-568.2096
e1fd1de4-620d-48a7-ba14-2c3a211c89fb,4245.77,3852.05,3519.76,11748.58,3894.36,1655.3201,-2239.0399
b63c8153-b032-4678-935f-2bbd6e7d6543,1323.54,1187.16,6716.02,35855.16,7513.6467,1095.9646,-6417.6821
9bd4bf22-ba29-45ca-a3ef-2c097b8b1db3,2232.67,720.27,498.18,2018.39,911.585,1637.4002,725.8152
949e7052-b195-4777-85df-75657cb571c8,25.24,,100.01,2724.34,474.9317,983.8341,508.9024
448e825c-b720-4ddc-bac3-ed9b814f69e4,802.21,259.13,415.14,1200.1,446.0967,1233.6243,787.5276
837fe1ce-08b4-4958-85bf-39d55240b1e7,72.82,,,6461.9,1089.12,5175.4719,4086.3519
c4371e3e-08d8-46e3-9a4a-74163c745f87,80,,,1205,214.1667,3967.9827,3753.816
63d1ed90-b25b-4904-8534-a36c2703b741,1269.96,682.63,1842.93,7676.27,1911.965,1311.8653,-600.0997
d96d6b34-e81f-401f-9ccc-5d9be6ebf006,1914.67,1744.34,2396.08,7891.14,2324.3717,958.7563,-1365.6154
d827141e-04d5-43fe-89ee-3e899adad8a7,475,475,383,1151.23,414.0383,739.2574,325.2191
a79fc89b-b060-4eb1-9193-2f6658e15e17,,5778.15,7543.65,39029.88,8725.28,609.2446,-8116.0354
cb8df8a8-7305-4b83-9b0c-367081ddf063,14.74,,20.61,,5.8917,832.3198,826.4281
e8766258-85b5-4b84-b8b5-8299ec53bdfa,30,125,,,25.8333,1349.6494,1323.8161
62fedad7-b699-4f57-8d39-8d0ad02b1324,21,,7000,20013.49,4505.7483,771.0821,-3734.6662
0a755656-ecc6-4b85-b527-e53c2e423cc7,1154.56,1295.36,1857.16,4420.1,1454.53,1251.9638,-202.5662
152f8161-3ba7-42dd-b8a0-c21574da7238,30,,,612.17,107.0283,945.4756,838.4473
bd14f8fc-89cd-4a5d-bd00-21876f95b349,12956.89,9978.2,14888.35,44930.65,13792.3483,1158.1762,-12634.1721
2d0f5c3e-10a6-4e9b-8253-204dafc6924c,2315,500,300,4400,1252.5,791.9813,-460.5187
678a95de-f5ea-4966-b503-947bfcadcffe,1107.33,680.24,,,297.9283,1203.0071,905.0788
4ddad0b6-4298-4950-909f-69b373eb2b02,793.88,116.1,1077.36,3646.04,938.8967,909.4792,-29.4175
7482eaa3-2163-448e-afd8-39109afa65b0,7513.74,2507.67,4905,6513.63,3573.34,1219.8025,-2353.5375
1a45c5dc-81c3-49df-9740-6dbc067cfcbb,568.52,957.96,904.45,2198.64,771.595,1041.6372,270.0422
08374ca8-bcea-452f-846d-5b0bf127976a,7231.5,815.73,409.81,16540.94,4166.33,1490.0363,-2676.2937
ccbe9fb9-25fa-4749-ac43-66ab28176e59,4230.83,9467.08,4694.25,14119.23,5418.565,3239.0683,-2179.4967
7ea2eef1-9152-4265-9f7b-298f9ca759b6,1052.22,,27,0,179.87,1300.4453,1120.5753
ff9543d1-58cc-4c26-8eed-c8132331590a,3174.83,2767.6,2404.24,5717.5,2344.0283,1520.8747,-823.1536
463d4f26-cc71-499c-8441-f8376005ee04,1718.81,4988.33,6463.13,18219.57,5231.64,2006.973,-3224.667
1db548c4-0bd7-4394-9b0f-dac677bb1712,2887.84,,3225.2,2500,1435.5067,1040.9286,-394.5781
cb9e96a9-4017-43da-a1d0-f889d6de0031,16448.83,13075.53,12363.85,21742.05,10605.0433,4986.8563,-5618.187
f430191e-669c-4258-88c2-ed9e180fd1ea,400,400,,,133.3333,603.0117,469.6784
8e4fedc1-1715-4761-a33b-a5035b4cc3b4,6890.71,1211.35,7043.43,2628.82,2962.385,835.7554,-2126.6296
61fdffa4-dd3c-4be1-a4fe-35b557f4e31d,29328,8496.85,5882.9,37277.75,13497.5833,7991.1945,-5506.3888
b6963df3-8610-478f-8e67-e3a50c8a1352,438.27,1452.55,215.85,1204.68,551.8917,1270.6659,718.7742
ffdbe72f-44d0-4e62-9614-623eb8622b51,,373.12,,,62.1867,1672.6217,1610.435
b1fd3cca-9357-4dc0-ae64-c0c86eaa1e99,1019.88,619.11,556.88,2062.42,709.715,1082.3428,372.6278
00f9529f-e9be-4d39-9e20-2657ac7fe82b,1500,,900,,400,977.5673,577.5673
f35d75d5-f1b8-44b8-96b4-29a0defc537d,1593.61,1473.09,2178,5417.46,1777.0267,1232.7097,-544.317
e4007b06-86ea-4a8d-86c0-b45d2f4e9601,18071.18,513.42,2991.79,40343.59,10319.9967,17282.0366,6962.0399
98f37a52-3f4f-4d61-a374-2af066459d57,231.77,453.88,838.54,1272.99,466.1967,807.5268,341.3301
d3fd1f3f-321d-4dec-ae5e-66d4211cf14e,,91080.31,,1,15180.2183,549.3218,-14630.8965
8d0d763f-fe73-482f-9474-251bc000e222,,0,,,0,794.8815,794.8815
6573718b-32fa-4611-ab40-3ddbb12f6e1a,530.81,159.98,1492.54,2055.4,706.455,735.4649,29.0099
1f94cfb8-5699-4a19-b307-ac444b029538,619.52,153.94,161.13,575.42,251.6683,925.9151,674.2468
04959e57-fe8e-4121-86ea-1eb2caf29dd9,200,325,868.02,2390,630.5033,637.2888,6.7855
6316d5e7-d92f-4f6f-94ea-78d895d44101,1803,3000,5507.85,2028.53,2056.5633,645.2624,-1411.3009
c59412b0-7d7e-4263-bc36-73fdd3ebe16f,979,1176.64,1446.65,9374.26,2162.7583,908.3583,-1254.4
4d6e056f-9528-4e23-b26d-47c3770d5882,1748.54,896.64,941.58,7473.41,1843.3617,1141.0384,-702.3233
0e08399b-693e-4f6d-ae9c-d0ea19267b79,207.1,166.3,,15.25,64.775,735.1487,670.3737
2c2b5226-e571-4a67-9b58-9dd188c60644,295.42,96.02,192.04,586.05,194.9217,642.444,447.5223
f18bc946-1af4-4379-86ec-2c4225d15a99,692.97,156.36,4323.59,,862.1533,3169.3305,2307.1772
f7f0f9e9-9077-40dd-870c-b443eacbda0d,38.71,,,,6.4517,511.4452,504.9935
be43bf28-5eab-4f49-8bd5-6ba45696a65e,,,1719.22,14524.88,2707.35,902.9905,-1804.3595
bbdf7e92-51d4-4686-9685-70f1ba08d615,1000.5,2373.96,8.25,1249,771.9517,883.9257,111.974
726e8676-02a8-4e3b-9d82-3bfceea0cb06,1524.87,,,,254.145,862.9426,608.7976
f42fe774-6e0b-44e4-ae6c-cc57592bc360,,45,,,7.5,497.6718,490.1718
1e5f0ccd-7d19-4125-a009-f17e2ea1d926,23003.07,14568.74,15299.88,60504.06,18895.9583,9573.5,-9322.4583
7e5836ab-9bb6-4a5c-aae9-e47ec698208e,11011.71,11629.37,10182.9,25254.84,9679.8033,4072.187,-5607.6163
c32e6db0-0565-40b9-9ce5-50522ca1c2a8,104.25,297.5,295.32,733.96,238.505,739.8982,501.3932
a46f0b3f-41cf-43ea-91cf-4a75382d3933,8581.8,5832.48,11668.47,8091.23,5695.6633,4433.6766,-1261.9867
91597c57-d456-4113-b500-f85a8a893b6d,22971.96,20222.37,29300,54994.09,21248.07,12779.2846,-8468.7854
8b3423c4-d15d-47e3-802d-4775c79ecd39,1269.18,817.66,69.4,2101.26,709.5833,1152.9862,443.4029
d5644680-fa70-42d0-9645-f66faaa8c40e,,,167.29,6590.5,1126.2983,1217.643,91.3447
051edcf8-c1b6-4478-bbac-6107aa0e87f8,300,,881,1443.4,437.4,651.511,214.111
bd3f3020-64f3-4acc-8e6c-12b8418f043c,465.67,42.99,,,84.7767,1401.902,1317.1253
5e1825fc-ece9-4e6e-9409-1771c0af2800,34388.34,10580.35,,11738.97,9451.2767,14167.5939,4716.3172
4f83d002-9c70-40fa-b094-41080ebfb9c3,8.96,,982.56,3385.09,729.435,964.2666,234.8316
42e7e6f2-8ade-42d4-a647-6319b7ea53be,8389.37,4067.58,9586.2,25917.13,7993.38,2807.1356,-5186.2444
0825c998-992c-4e3d-8eb0-1952a7656f80,1234.16,761.86,1214.37,3913.42,1187.3017,901.2474,-286.0543
1cfe15ec-12bf-45ae-935f-77505235203e,7107.5,2289.03,4658.76,2711.27,2794.4267,1720.9601,-1073.4666
2a67dacb-396b-4d57-b6f3-ee6bab278dd3,1480,1222,1592,3020,1219,999.513,-219.487
c7f2c324-6d71-412b-a61e-fe94e05aa9dd,12479.09,10493.19,13943.66,41682.64,13099.7633,4286.8822,-8812.8811
33e668c1-98a6-4eac-9540-fbc8767c126b,1003,200,250,1744.24,532.8733,600.3852,67.5119
29c9d336-1c14-4fd3-9f24-3acbd41ad018,300,300,450,900,325,740.6866,415.6866
d088d9a1-67d1-4b5d-aeef-0f48d3ff33ac,5582.1,850,5,5853.69,2048.465,2373.194,324.729
b8edbb42-4558-4168-a769-94946e9fc682,11871.24,4280.25,4911.6,29995.77,8509.81,2492.881,-6016.929
92550303-5394-48c5-ad1d-56c239cecaaf,511.57,100,200.9,1139.99,325.41,586.5936,261.1836
3f77ce64-8a4b-4670-9ee8-5513bbc80280,691752.07,525327.07,631998.32,1537968.87,564507.7217,270687.9897,-293819.732
50ad0281-b1cf-479c-a9aa-2c1b48d77e72,1164.5,597.8,240.15,5632.6,1272.5083,1629.6693,357.161
4acc54e5-6f8e-4900-8884-d2f35af6696f,2381.24,1516.61,643.75,6966.16,1917.96,756.7794,-1161.1806
6ad8667b-e400-47ed-9ff4-ee7901cdefb1,1115.07,,840,3717.39,945.41,797.5235,-147.8865
ecc9f29b-eb25-464e-a44c-c1dd7ba48164,9562.5,750,2805.01,164368.45,29580.9933,3215.564,-26365.4293
3fd3aac2-d227-451a-ad63-e7453d62c65a,,,1477.5,1245.92,453.9033,837.7559,383.8526
6d36431e-90e5-404b-9372-e98a10ccbcc3,3204.41,139.79,,,557.3667,1076.5026,519.1359
d3c3815b-48c5-44b2-855e-de1e9eccd876,6940.41,8346.29,3940.24,1687.63,3485.7617,1353.2313,-2132.5304
c2f29a7e-77e2-43f9-8f86-bc4b868e26db,3042.6,2638.16,2511.26,4308.29,2083.385,1392.9254,-690.4596
2c084a71-f109-4e04-bb92-656fae959041,1646.98,2285.6,357.7,4412.36,1450.44,848.7074,-601.7326
940dd82a-cf59-49e0-8600-dcf8c12d6d0b,20857.67,24417.89,11931.92,5239.16,10407.7733,1744.7932,-8662.9801
df58cb10-aa1f-48b5-9e80-f12f70f15eb2,14645.62,7945.35,5632.87,43589.66,11968.9167,2878.3523,-9090.5644
20f9a279-3e2d-42cc-9ba2-c62190b0b06f,293.47,4877.76,,267.59,906.47,1193.5002,287.0302
882c5efc-8146-48a2-824d-21e421c40d9b,0,1210,600,748.25,426.375,491.1267,64.7517
b998f931-0ece-41bd-999a-1cfede8f43f3,305,150,150,869.03,245.6717,762.8391,517.1674
26aac60f-e694-4f01-b484-70f6895f44bc,,239.42,678.44,895.56,302.2367,802.3896,500.1529
2159ac95-f53a-4d0f-99be-9cb2910b087d,500,1200,,2089.04,631.5067,827.9825,196.4758
5e9e6395-9cf8-4575-81d2-0bc38b4b828a,,22698.78,,10921.67,5603.4083,986.7275,-4616.6808
c9ea66eb-c523-4d0b-9741-ac0f7b7854b9,,,9000,6110,2518.3333,5497.091,2978.7577
135aa099-919e-4b88-a027-8e00844964d5,5785.99,7693.34,4470,32725.84,8445.8617,8238.6876,-207.1741
78763793-b513-4102-9021-8d12751ff0b6,9587.35,7942.83,12076.6,25619.77,9204.425,3882.6839,-5321.7411
679dc28c-cf0a-415a-875d-3998bdc17450,31381.28,43233.78,21507.91,149316.05,40906.5033,12728.6618,-28177.8415
8a561f82-93b1-4f83-a9e0-45ae313aee19,13536.5,1893.6,6787.78,21214.54,7238.7367,793.1349,-6445.6018
e1126e79-76e2-4e6b-8e1d-ae4cc6ea83d1,,1172.66,2015,2850,1006.2767,707.7125,-298.5642
b9eb8914-4883-40a3-87aa-6bd9a12ab6e6,82.49,,998.97,150,205.2433,4107.1126,3901.8693
03ccf2b5-daf9-4d16-9e8e-adb1dea16c31,1810.59,1425.19,922.72,2639.38,1132.98,929.2576,-203.7224
47d774aa-bb0b-486e-a5aa-b43ba51bd1c2,13753.94,3697.94,40.28,121.5,2935.61,861.221,-2074.389
58d0c85c-958f-425f-ba18-398c5b337507,1330.01,873.4,1362.35,5101.9,1444.61,1781.4817,336.8717
0884a02f-ce50-480e-9bd1-50c5da8c84dd,21975,27,38500.66,17512,13002.4433,6102.8578,-6899.5855
822a79cf-5a5c-456a-a9b8-6baa14064f87,864.37,782.75,1004.96,2469.88,853.66,646.2656,-207.3944
bdd24523-fedf-4383-8b67-3d0c523f7191,1592.71,1548.58,1826.14,3652.15,1436.5967,1099.219,-337.3777
2fc8984f-acf3-4c78-9a38-438a1d6fff59,,,0,,0,2359.3759,2359.3759
3dacc6a8-601b-484a-9283-4ae390d69f10,5093.46,4291.8,,12687.73,3678.8317,3828.5002,149.6685
8ecf50d5-5fc1-4b02-b5b8-4511542d5cf5,33440.24,56326.91,57744.31,125530.27,45506.955,24070.2251,-21436.7299
87418907-b931-4960-92d9-f5ed4b7c4567,,150,,,25,755.6289,730.6289
5db0ec3e-2bd1-40a3-add3-f14478769463,499.71,266.4,86.46,983.6,306.0283,819.7469,513.7186
aa93bf02-e7d5-4267-9d7c-1842f2d7d9ae,50.95,647.64,,,116.4317,923.1898,806.7581
0b2b4b19-ab73-4a19-8d50-e77a46398337,1134.55,2308.37,2277.49,1000.08,1120.0817,811.8672,-308.2145
667ca3cf-84c2-42e4-9345-70367d8ecfda,547.71,163.19,177.41,2173.27,510.2633,743.6752,233.4119
6403d520-7092-4c2d-acb9-f9159e25ef12,51.68,58.47,3188.01,867.32,694.2467,877.521,183.2743
2d667cd5-f2cb-4807-8297-47a57d332467,1901.88,1578.79,2708.89,19779.32,4328.1467,980.1937,-3347.953
e44d58dd-6f16-4364-a4ba-f3be1987c66f,381.19,,52.5,663.14,182.805,860.0033,677.1983
6296b2ff-8582-4b0f-8191-299e8a055e99,383.2,830.94,1024.37,923.93,527.0733,582.1771,55.1038
88aff931-e9ce-4cc3-99e9-afe788e2476e,563.8,1092.49,799.43,1249.71,617.5717,839.2742,221.7025
4d091d44-519d-4735-9752-31e679c79cd9,615.78,14143.05,12182.46,34757.17,10283.0767,2267.0518,-8016.0249
b06df58e-8c3a-41e3-af7a-65c14a46f5f3,,200,767.84,300,211.3067,623.8667,412.56
6aed68b9-290c-4c31-ac9b-a11d0467f0ef,6211.4,5880.75,4625.58,16400.38,5519.685,4188.1411,-1331.5439
44a2ce8d-abfb-485e-9e83-44f945feb208,23762.86,17017.82,22494.22,57148.61,20070.585,15142.4377,-4928.1473
2fa543df-7882-4807-8cf8-e8c6a4388db2,3145,4026,4425,4010.82,2601.1367,1371.6546,-1229.4821
43e17a56-21a9-4b1f-9fcc-4cae47e8cf7e,1945.23,3374.79,3913.73,3764.28,2166.3383,3171.2182,1004.8799
7adc7c5f-0dc7-460c-80bc-39d55153a9e7,1206.7,921.45,448.99,,429.5233,776.4962,346.9729
ed41ba14-9a50-428a-b057-d9a0c530e8fd,171.07,92.91,1427.99,306.15,333.02,642.0379,309.0179
8f134f65-e3a4-4b6c-9d68-49136756faf6,808.49,528.48,442.65,604.88,397.4167,833.5742,436.1575
620cc040-eec2-4cb3-921c-015dcb5468c1,154.54,139.02,,52.18,57.6233,922.8875,865.2642
05726e1d-c119-440e-8850-867479abee0f,1050.07,4982.8,8484.63,19979.47,5749.495,1242.7968,-4506.6982
2b42c53c-5ade-452d-ac3c-0ac41fe7050b,346.74,1210.56,1710.32,1858.01,854.2717,854.7271,0.4554
aad6bb34-8a58-4500-ad42-062f1291f92c,131.48,408.54,411.01,2139.29,515.0533,564.1519,49.0986
3863a619-c1c1-453b-95e6-8b54844dab6a,68968.38,88620.1,94598.28,231331.96,80586.4533,31399.931,-49186.5223
277be8ff-fae2-410f-8d71-34edc17656d3,139.62,454.72,,1227.4,303.6233,991.1987,687.5754
af5b03b0-ebb3-45b0-b50d-84a6ae137735,,,22087.5,,3681.25,6990.411,3309.161
86760421-0482-4602-843f-dcdfc5cb4b83,1949.13,,,,324.855,1183.8599,859.0049
59e12e6e-5e4a-4997-9015-6c82b62013db,,221.37,,180.91,67.0467,563.0434,495.9967
33587665-f362-4667-b680-323c83369fab,8284.64,9401.3,4703.88,8442.83,5138.775,727.1465,-4411.6285
6c0ebf10-4cfe-44e6-8291-b12b1cdf63c3,89803.71,69819.79,92450.5,181741.13,72302.5217,20803.1588,-51499.3629
26d4fa97-e4f8-4159-bd9a-c9e9701e8ce4,225.67,,50,626.76,150.405,1962.2938,1811.8888
d058e356-0ede-4613-bbcc-60eb126e416b,4156.34,,,161703.54,27643.3133,7016.5774,-20626.7359
969f5ec5-8295-4d55-b9a6-5ab0ea748c0a,1393.34,16524.07,17891.06,690.81,6083.2133,805.0157,-5278.1976
d4c2ba60-6b51-4643-a989-2ed10f3079fe,1100,1670,3462,1243.16,1245.86,1723.4012,477.5412
de758ea1-422b-4dfb-a1f2-19929b3f77a7,21071.28,1980.61,2115,303.95,4245.14,898.003,-3347.137
0fd98cd0-f974-4f3f-9f4d-eae1a23b717b,9099.16,2639.79,7952.85,23901.38,7265.53,9478.2799,2212.7499
703e55aa-19b1-4656-9b35-b72a47d1e509,479.4,2998.8,5134.4,18990.62,4600.5367,799.143,-3801.3937
15ef8ea8-11f1-43cb-87a8-fec825e139d0,2903.81,5162.9,2888.06,7466.25,3070.17,2112.0088,-958.1612
ff7a98e9-9aff-4b1c-9cce-60e47b2b318a,2319.27,40,9168.78,6820.42,3058.0783,3825.0854,767.0071
6a6e3078-ca23-4b3c-8808-950453ec9d86,0.01,226.63,,,37.7733,1980.2256,1942.4523
ea7e2ccc-b844-42f3-b3d8-a93f78c47e8b,519.42,156,232.75,1767.36,445.9217,765.0947,319.173
e6f5f2d9-2e41-4125-bfe0-7ddbd079b747,3.5,,0,0.01,0.585,595.5706,594.9856
e9b45479-d38e-452a-a463-0d61179e4094,4226.44,2824.67,2890.1,2475.78,2069.4983,2739.966,670.4677
1291cc1e-a101-4153-826b-b6361c806a55,24643.74,14535,10153.5,17896.09,11204.7217,26309.578,15104.8563
32196943-1c51-45d7-8df0-718a8ba7d0e6,4221.55,3052.32,2162.46,831.15,1711.2467,4234.7635,2523.5168
88b9670b-9fe6-45e2-bff2-40d0be859cd6,35,468.1,,,83.85,802.2385,718.3885
ef7ceb39-883c-416f-a620-b485f924b9e3,,,18.4,,3.0667,1111.6488,1108.5821
41c46b53-5d40-4d8b-a342-3e44b2de6312,533.46,650,203,3201.31,764.6283,791.9035,27.2752
fdcae75c-b565-42fd-8992-2d63939c9687,116.4,10,10,80,36.0667,1708.3348,1672.2681
b07e5fc9-4a50-4239-921b-a5eafee798f0,1734.75,1400.65,2821.38,4513.26,1745.0067,1014.0254,-730.9813
c40e8435-fd1a-4b11-b949-02737832d465,26.04,59,297.94,236.22,103.2,930.8713,827.6713
f5b512a0-2a52-4b1b-90db-741107b7310a,720.28,382.77,934.28,2549.71,764.5067,1186.2036,421.6969
f6ea08ef-d8ef-4d8c-908a-e84237a6f1e5,79.22,,,32.43,18.6083,1135.8992,1117.2909
88c38f56-c59b-4aca-a9ba-3b53f32402a4,4142.48,3817.33,6898.72,17568.9,5404.5717,3922.2034,-1482.3683
87866f29-8a65-41e0-ab81-e915d00e34b7,95.11,1576.89,34.51,1751.93,576.4067,863.882,287.4753
7ddb11c0-8ec3-4495-b381-7bbab7001724,,2900,35706,24079.07,10447.5117,1679.358,-8768.1537
4938021e-0d1b-4920-bf0b-3a0c0293bc41,1723.45,348.96,,26283.4,4725.9683,668.4964,-4057.4719
296baade-6f56-4791-9482-f92d40551ea3,4956.12,5031.28,4918.76,13244.89,4691.8417,818.2158,-3873.6259
8c8819e1-f8dd-4073-b76c-89740e0ee613,24404,19524,17628.66,78208.72,23294.23,30440.5682,7146.3382
3e57e121-4815-4b5e-8528-8eb3dc870fcd,25.17,11.99,9.6,52.21,16.495,754.4916,737.9966
fac7a2f0-53ec-4bca-9985-fd33d2be165a,28881.46,24967.24,18224.98,57064.18,21522.9767,7756.2944,-13766.6823
2c2b982b-cbec-41ab-af08-6a12994e26f8,3111.3,3065.72,3846.24,10238.17,3376.905,1171.0896,-2205.8154
20ca242a-8260-42af-8095-a9dfa0720c47,618.93,403.31,321.31,,223.925,880.9412,657.0162
a3e01cb9-555a-462d-9105-bb26ab650b09,27.27,500,2551.12,2858.68,989.5117,619.5719,-369.9398
728ee440-483d-4a64-836b-726bd2bc5f07,1247.96,0,96.46,1203.24,424.61,920.7791,496.1691
f223a481-28a3-4fbf-a9ee-b4bc1d81c8b6,3532.56,3091.24,1159.95,1587.85,1561.9333,1454.0395,-107.8938
29b73192-ab5b-4e14-a6fb-774399ee37c9,200.86,256.83,24.76,616.31,183.1267,651.0855,467.9588
b9c90e1f-a331-428a-bd30-14c33ebb1bdc,314.36,57.65,196.87,822.7,231.93,714.8628,482.9328
e9dc433e-93a1-4484-90fb-35ae58704d86,4129.45,5317.09,3340.9,6232.11,3169.925,1201.374,-1968.551
0a57fa4f-7b07-45ab-889c-1768b0d43990,2438.22,1666.79,2786,5457.35,2058.06,1605.3931,-452.6669
4bf3518c-cad8-4390-a18c-b31b343d588a,8740.69,12328.58,15443.48,45781.94,13715.7817,6009.9343,-7705.8474
caefb73a-d4c9-430e-ae03-32ffaa449ca6,11314.91,11189.5,7893.39,12365.17,7127.1617,7828.8021,701.6404
d8ac0ec5-8989-4840-9260-1a11dff93516,5599.41,7008.22,6031.39,24114.09,7125.5183,2114.9877,-5010.5306
8952fb95-5e3a-4c38-afdd-c934ffab69a6,864.13,37.24,174.36,835.31,318.5067,985.3146,666.8079
f0e63d73-e962-46ff-b74d-5dd235961c70,2000.11,7793.66,4901.94,2805.43,2916.8567,674.111,-2242.7457
4ff27e74-774a-4f5b-bd4e-f00cc79052bb,13143.96,3136.41,1244.5,93163.71,18448.0967,9414.1935,-9033.9032
3f425777-270a-40e2-93e9-f1329e33add5,26250,3504,,3630.08,5564.0133,4466.9022,-1097.1111
68462c63-190b-41a1-a925-1cb89f9f6017,536.08,0,4253.91,2786.75,1262.79,1550.1944,287.4044
f71d2006-b366-4151-9980-9618ffca636a,4274.31,13773.25,5790,6125.9,4993.91,1594.2042,-3399.7058
b4645f88-aedb-4b1f-8628-d78743e8f0ef,8024.25,,79777.82,33903,20284.1783,15516.0451,-4768.1332
bb055bd7-73aa-4425-81b5-59139bc60a2d,416.54,0,0,0,69.4233,462.2912,392.8679
04e9ea8b-9b1a-4c9a-8c13-19046a17ff9b,,,,10042.04,1673.6733,608.013,-1065.6603
b733241c-c394-4a88-a1f8-af964f7235ed,,49.76,,,8.2933,1000.1005,991.8072
bad99754-af6d-4b79-840c-97fba931798a,12651.13,12331.96,34331.13,40115.62,16571.64,9348.0223,-7223.6177
cf1df048-c0a3-415c-ad8a-2d3c88755d65,405.06,5109.88,4643.74,12935.79,3849.0783,520.574,-3328.5043
2ae45ec3-3484-4952-9264-ad45a41e42bf,257.71,168.82,145.88,,95.4017,974.0614,878.6597
6efdcf41-c58b-493f-9a26-a546d2dedf0f,1807,940,847.59,1994.94,931.5883,919.9826,-11.6057
cfa958bf-ae5c-4392-81a2-3b6b844cbf42,5434.73,9084.91,9232.12,27169.27,8486.8383,5366.3144,-3120.5239
4be560cb-e882-4234-abcf-3feb4e1c11ee,11.06,,10875.53,60,1824.4317,4026.5583,2202.1266
c9bc9607-eb2c-4bc2-8748-8b1181d8aed2,3827.85,5948.39,3034.52,8822.71,3605.5783,1041.5162,-2564.0621
479d088f-f58c-4f32-a3b6-0b1f4b758d01,1181.8,655.14,10339.53,10616.54,3798.835,1834.6604,-1964.1746
9f72bcbf-36f3-4886-b58b-d1d3687ba7ce,200,675,374.04,4342.87,931.985,970.5828,38.5978
14f45813-1510-4a4c-bcb5-d55584221d99,50,3114.98,,0.26,527.54,2369.3839,1841.8439
48563abd-8721-442e-8abd-9e43f768131f,39,,109.58,2417.81,427.7317,1143.114,715.3823
d01711d5-2649-48dd-a41d-520541b38e16,32210.55,35969.6,42152.12,79955.69,31714.66,12360.8582,-19353.8018
b159fdd8-ac59-4f72-8380-aceeddecbc05,87.19,19.99,270.49,799.88,196.2583,640.3836,444.1253
34cc16de-df6d-4c83-ace6-e6830e1c5e52,3451.67,79.13,66.2,3805.25,1233.7083,895.7696,-337.9387
e0e93fe9-c5bc-44ad-8fc3-bf6c38a0594a,545.43,423.4,525.52,1086.58,430.155,697.988,267.833
1f15d537-4dca-4d2e-a3d8-0ba46c0faeed,81,,,,13.5,687.8201,674.3201
03e72ca6-3478-445a-b987-088cdbed7c54,864.03,882.18,861.03,2689.66,882.8167,1042.6556,159.8389
ca8f5efa-1036-4ec1-8079-51983672401c,8593.96,3627.8,5123.19,15308.37,5442.22,4652.745,-789.475
c8d70ebc-2085-41e5-a027-88a343c0b02b,,164.75,,,27.4583,,
ffa6bc0b-f7b2-4ae9-8ea0-f37b070a5451,12541.14,,,22045.48,5764.4367,3040.5553,-2723.8814
c6036c61-beb7-4dd9-ab9f-28536177ae7a,1699.77,736.03,,,405.9667,1253.9435,847.9768
d84cb1cd-cb52-4e35-bd00-0d8c103e9887,5213.74,34.36,,1991.81,1206.6517,1901.4981,694.8464
ce76ed96-a100-46f1-9aaa-2bca61d2fde3,,,,14703.29,2450.5483,10195.8932,7745.3449
7937c386-4c2b-4de0-a32f-beda4f95b91a,410.46,1175.05,591.2,13.6,365.0517,880.3353,515.2836
01562777-1320-4031-9492-3f53f3a4ca86,45.25,,,179.92,37.5283,1384.6805,1347.1522
1561d8cf-8ed4-44f9-8880-34c51392b63c,393.66,1170.78,504.55,2966.92,839.3183,694.3599,-144.9584
2c5ea9bb-9ed0-49bd-84a7-f00ae27496ff,2931.89,1745.75,1542.1,5566.39,1964.355,1440.5327,-523.8223
dcdd423e-e035-4e0c-b776-da75a4bbdf69,180969.75,141613.4,150619.63,915622.84,231470.9367,94370.9999,-137099.9368
c42a4d68-9d69-4a79-a43f-f3a277279fd3,2157.44,318.6,210.9,463.23,525.0283,1233.8877,708.8594
93e06c31-1644-4a01-aee5-87cdf9eb772c,698.96,1392.04,494.3,3237.08,970.3967,849.2632,-121.1335
7dc4c6fd-4917-49d9-a9aa-443d97d832e2,2400,2000,496.25,3384.45,1380.1167,1656.8369,276.7202
98f54722-278f-44c0-917a-1d687e67b7b1,526,107.93,48.25,630.96,218.8567,783.1313,564.2746
4f61ae9c-fce6-4603-b369-602649252a41,6124,6530.23,3310,22494.5,6409.7883,1102.4621,-5307.3262
63777c1d-e581-4d3f-93e0-8ffaa1a441a6,273.4,351.18,468.56,67.63,193.4617,2125.9567,1932.495
f2339f67-1cb9-40bf-abe9-b3f73d61961c,29546.34,7051.06,10718.02,97628.23,24157.275,15187.7188,-8969.5562
ce35324d-7de1-4fe1-a5d9-5af9bba0c4d9,8501.59,10243.25,11669.67,41147.68,11927.0317,2478.731,-9448.3007
7c9c6813-c34a-4b0d-94a8-be861d002b8c,17362.74,10694.49,2390.11,24322.09,9128.2383,2268.3458,-6859.8925
27daa153-fa76-41a1-8960-c2a816bd9a96,1609.64,800,350,1965,787.44,1114.4233,326.9833
4f21f8ed-295d-454e-a6f3-c2226fe4dc47,5513.27,4829.95,9386.58,20142.88,6645.4467,1774.0383,-4871.4084
df09cd91-cf5c-406c-af1f-2619997fcbe3,329.82,29.76,,28.83,64.735,809.972,745.237
f644fc95-0ce3-4bd7-b278-f4e7c59f05f6,4589.35,5301.14,377.3,,1711.2983,1653.37,-57.9283
7c5d2806-d885-4971-81c0-bb3660126aeb,,,75.59,,12.5983,1127.5777,1114.9794
2b947d71-3d0a-4d42-9989-da6fdc233020,932.23,,314.4,1353.88,433.4183,762.4878,329.0695
e9a1180c-0134-4ae1-9e90-94a6652f23ca,632.2,918.07,539.72,4066.55,1026.09,1088.3158,62.2258
6fb0b96e-2b0a-4dc2-a3b6-561244b8c3c2,1142.83,591.12,75.79,35.45,307.5317,975.9255,668.3938
be2075b2-4e2e-4c86-8693-f7961ef58fb6,1497.35,2628.56,7467.5,26781.11,6395.7533,1256.3674,-5139.3859
c7089ce3-2909-4914-9dfd-5fe0b0ad6b19,13659.36,7283.72,6720.76,26241.52,8984.2267,3399.9269,-5584.2998
1698b45d-6c20-4716-9c2e-6069ae77739f,1052.9,1253.05,2217.43,3547.5,1345.1467,1234.6737,-110.473
3b15ad9c-d41f-4575-ac2b-30c396ae23e1,63.86,,26.23,,15.015,901.443,886.428
e9e6c1c0-d127-4758-9401-e2ca7bc4df84,3,629.49,3,2834.46,578.325,736.0028,157.6778
defba969-2db0-4405-9111-3b4996422255,13.74,162.16,6.03,436.28,103.035,660.1439,557.1089
b26f7cb6-4a24-4dd7-b996-5f09aa5babaa,4013.11,200,2610,6438,2210.185,1615.527,-594.658
7a7a3b54-1b70-485e-ad0f-dea50f06e528,781.65,1021.35,1406.41,2247.87,909.5467,3141.6862,2232.1395
55a9d2bb-4477-402c-9025-323407e83dda,1363.53,1223.61,1882.84,2239.31,1118.215,873.5214,-244.6936
e5a298c7-5255-41c8-bacc-e91d3a8b2113,107.92,,713.15,538.57,226.6067,677.2816,450.6749
9f073cad-7e7e-456a-989c-da8679b12f0b,,,0.01,19.45,3.2433,601.7226,598.4793
423fd0ad-81b1-4750-ac9a-613f32af7cb8,5321,8275.47,690.72,6621,3484.6983,1432.4234,-2052.2749
8898e047-6091-4f08-9186-b71a9684e027,963.1,1448.3,980.2,2565.8,992.9,1065.5566,72.6566
13f02722-0e73-43cf-8b35-c457bf8711ee,3522,1683,2717,6563,2414.1667,2062.3718,-351.7949
e23e2fff-1752-4c4f-8030-c20d2d55f32f,663.95,885.9,529.34,4401.78,1080.1617,1575.6367,495.475
2d58d7c6-b224-40ca-b500-cc048fe1afc1,642.98,524.09,528.24,1517.12,535.405,755.3071,219.9021
1f1052de-9a6a-4467-9b35-7a14da5f5dcb,432.67,,1015.97,245.27,282.3183,843.5979,561.2796
1d33168f-8ef4-4237-ac64-f6e1f3fe64ad,175,2983.81,2825.85,3611.98,1599.44,1111.1622,-488.2778
f22d52c3-ed29-4134-81cd-c608f1bf6de0,630.15,3917.06,3122.58,6413.78,2347.2617,1286.3219,-1060.9398
9091bc29-79ed-4054-9e63-ea70f0ab9d53,95.88,460.79,33.38,295.87,147.6533,605.6874,458.0341
f2decd47-ca80-4e6c-9689-544892fa00f1,,1425,,4070.01,915.835,720.976,-194.859
27b6b156-6827-46c1-a82c-93ddaccbd793,1182.43,739.41,1271.26,4454.98,1274.68,968.8912,-305.7888
f87bf7ba-0374-44a7-92ef-6d4e79353992,6215,21490.27,6223.77,40898.02,12471.1767,9272.8646,-3198.3121
d6374c36-04d3-4cf0-bebc-820f76839af2,7273.96,7698.76,4514.37,10090.9,4929.665,2603.4521,-2326.2129
d5d6369d-71fc-491c-b9a5-d483ed496d3e,3200.24,3426.5,4988.45,10569.75,3697.49,2465.7076,-1231.7824
1d83eb7f-a573-499c-a882-594db64f9e4e,330.1,3727.7,2554.99,472.3,1180.8483,1214.6381,33.7898
5589b281-df66-4e9e-815f-0d834dfc4579,3645.82,2763.69,1701.61,9710.84,2970.3267,2377.5808,-592.7459
ba372e13-2f08-4574-849c-c74de9f8c79f,12.5,67.21,3.16,2480.21,427.18,906.7651,479.5851
576b94c1-778d-41f7-a8bd-eb0cf559ecff,2067.42,2047.95,,390.42,750.965,1634.4203,883.4553
2ede3fa8-9f15-4d6d-95bd-ec667ae6b94a,4818.52,2085.46,2579.49,10538.44,3336.985,2554.7595,-782.2255
1561eb2c-8b24-4e79-a8e1-3c6672599d2e,66620,83660,39260,81720,45210,12311.299,-32898.701
ecea7d5b-160c-4f55-9cd4-06ee115d96cf,199,1574,533.37,1275,596.895,1369.7814,772.8864
3c9f49f3-c62a-4178-8a9b-94e989c0b35e,8170.56,8871.51,47566.8,40282.1,17481.8283,2867.3528,-14614.4755
93464657-b247-4f08-8064-7bd9accc4381,50,300,100,237,114.5,717.8447,603.3447
0af53b66-3d6c-433a-b30f-12bdcfed5f98,162.85,1263.58,1932.93,6679.37,1673.1217,1130.5945,-542.5272
2e22706b-355f-41de-917f-e86de0ea626a,40294.5,12599,12698,22264.24,14642.6233,11170.1332,-3472.4901
8c23c695-7674-4414-a048-88f901ac3ffe,557.58,284.99,1647.59,4905.56,1232.62,4311.0376,3078.4176
7f1fa547-b344-4e49-ae69-801629fd9435,2222.97,655.08,455.28,1169.26,750.4317,1214.8658,464.4341
dbcbb6ba-d823-4139-8758-44770df0c37e,2085.25,3721.17,3009.54,1019.25,1639.2017,1517.7804,-121.4213
fdf9a9d5-5b42-4a8d-8455-f00a8570f488,743.43,1279.78,1148.28,2729.51,983.5,998.4669,14.9669
3e64e56e-e211-4b46-b9ad-87deec9dd8b5,121.57,243.14,900.6,1872.13,522.9067,841.7127,318.806
64c91b37-8027-487b-b0bd-0220f893199e,3180.25,2360.01,700,,1040.0433,1796.6991,756.6558
f37236fa-059d-4975-a0c7-dfdc9e27f9d5,948.28,1805.11,8495.22,15256.4,4417.5017,1142.0345,-3275.4672
869e6078-0ebe-41fa-8ae5-a576ac980a57,21307.5,78348.92,41327,36914.97,29649.7317,14091.8237,-15557.908
7851ccf5-9cf7-4737-b8b3-b3c9d374450c,179712.46,108203.49,59987.5,351384.57,116548.0033,51921.5074,-64626.4959
26596532-11bf-464b-afaf-7102ca7fec7f,1203.94,1203.94,1203.94,5257.86,1478.28,1191.3116,-286.9684
5a30e5e2-d1cc-456c-8b44-86ea3c91159a,7146.31,4896.91,16575.27,176274.53,34148.8367,8389.6287,-25759.208
aed85d79-d575-4204-8b7c-7ac0e8290df8,9546.17,4184.88,21816.18,23769.13,9886.06,1523.1476,-8362.9124
aebeb68c-7fd5-4a09-bc44-d26927edc73a,11761.22,13104.85,9044.26,23084.27,9499.1,6291.8923,-3207.2077
55af080f-3b83-406c-9899-750efa629649,3898.01,1975.27,1628.96,9421.28,2820.5867,1654.8507,-1165.736
5af77e46-677b-4c3f-98a9-62b5ef9c8b91,827.08,2573.47,1448.91,6132.03,1830.2483,2413.5233,583.275
7b8dd3c9-4722-4b52-8594-288cbe9c748f,26.18,,,,4.3633,667.4249,663.0616
cb814bfa-2f54-45ce-a77f-29ae1ae71e31,1250,1250,,1000,583.3333,816.611,233.2777
ff3a78bf-30ce-4c5d-a5ba-9e7fa540a288,3697.13,4141.28,7774.16,13085.31,4782.98,1542.0859,-3240.8941
f4042941-5432-493c-81f2-a287b6b0df61,,,932.89,9576.33,1751.5367,709.8033,-1041.7334
a3026d62-f0a6-454f-9620-1fb69128a82c,840.92,3121.57,840.92,839.76,940.5283,1673.3665,732.8382
45dec521-808b-41ae-aa51-f782f0dca756,1174.53,1309.89,872.46,3891.86,1208.1233,826.5753,-381.548
b0674b34-a518-44de-a53b-082f4bbe8e95,2702,1000,500,3324.19,1254.365,847.7664,-406.5986
940158c3-e3e4-47d8-bb53-6248b88bf0a9,,1128.38,544.38,1373.96,507.7867,952.6333,444.8466
fd605da3-6657-4e9b-9dca-dae55c65f944,2310.71,,,0,385.1183,2572.3666,2187.2483
1f23fff6-6d1f-4e65-8606-fd2978f24304,9399.57,3663.45,3484.12,7553.71,4016.8083,1477.9141,-2538.8942
4190c36b-7bc4-488e-b12b-4f3e4bfff07e,11737.59,5186.3,7390.46,17125.65,6906.6667,5142.3595,-1764.3072
f07edc5f-9054-42db-a777-152ada865203,2649.3,4110.91,110,474,1224.035,2298.47,1074.435
c169cba4-c182-4063-8921-2624a9efe0b6,1516.11,836.11,1321.94,2493.66,1027.97,944.7076,-83.2624
6eb10212-f01e-4685-bb9b-714a79f809c7,2664.06,1032.13,3242.51,15093.04,3671.9567,1618.0919,-2053.8648
90a147c1-c76f-4b4e-b292-862bfc7621d7,335.87,544.87,489.33,857.22,371.215,908.1791,536.9641
338e766d-a691-4c1f-8fcf-4ebb221e8742,154.47,555.28,1162.43,1082.45,492.4383,1129.2829,636.8446
ea897e18-cdfd-48f8-b299-cf4f4c4049de,4282.7,1852.1,850,1829.25,1469.0083,1363.529,-105.4793
7224ce49-bfd0-4b11-a061-a55d65aa0647,342.51,535.6,,,146.3517,1514.5432,1368.1915
353e67b8-1f69-4695-8103-d961bfdf13df,14422.74,7401.24,3167.5,14096.75,6514.705,4442.9733,-2071.7317
bc966e55-5d63-40c2-84a2-ed663fd3b4d5,307.88,240.96,274.51,1359.52,363.8117,609.4827,245.671
c9b8ab9d-c9c6-4b0c-a71a-84f5aadf8543,240.95,,46.83,,47.9633,1373.2777,1325.3144
0191bc4e-cb15-4f0a-8fa6-a9a70096f5fb,12174.17,19675.13,14661.12,10194.71,9450.855,4735.1457,-4715.7093
66a23e3c-122a-4ce2-a97d-a6845f8eff73,,,0,,0,667.9608,667.9608
7984cc75-f727-4ea7-b5ac-f7d7d5d08c62,,25.85,,,4.3083,1239.5771,1235.2688
eb36ba47-5b14-467a-9ae5-de74e0990ba4,533.24,,23400,383.96,4052.8667,686.9051,-3365.9616
c8763974-3f19-4811-8fe2-0160cf80aef2,3734.9,2962.05,6027.67,20004.84,5454.91,2195.2233,-3259.6867
d583d591-258d-4f27-8738-7c2372e92feb,25,,,620.97,107.6617,646.0186,538.3569
c45f676d-0ef4-4cbe-819d-aa0ee9dc0f27,5548.02,2480.73,7159.95,25091.58,6713.38,2018.9187,-4694.4613
faddbda7-5b3e-4016-a0bd-505af3bb231f,,150,1100.01,3602.8,808.8017,883.459,74.6573
754db655-c155-4f1c-aa6a-3a7ab036ab4f,11492.32,2243.21,8459.55,28958.08,8525.5267,3105.9197,-5419.607
f0f3d625-e8f3-42a7-be3a-ec682789af30,415.48,1332.78,59.68,2012.97,636.8183,678.2138,41.3955
abdf4ef8-1915-4fd3-9602-3fc33bd0bb56,,,12.82,,2.1367,836.663,834.5263
9e3c99f5-e849-4130-a29d-1594b490c55c,339.3,5220.42,1183.92,1701.12,1407.46,889.7869,-517.6731
260ab267-903e-46d8-8f49-154925fee4a2,1196.75,933.94,889.21,1814.85,805.7917,883.979,78.1873
4175059d-8121-4319-917a-9aa52f41cb43,113.66,1239.15,1266.45,10669.26,2214.7533,1550.1563,-664.597
aef43b63-6f50-4c0c-8e66-2b82e552adf5,5802.53,4099.16,3525.05,12752.27,4363.1683,3154.4285,-1208.7398
732ca284-67ff-418e-9f65-fae938e45d4b,750,,54,,134,4265.2036,4131.2036
902cb187-e255-4cf4-8183-439a9086752b,1440.21,3515.99,147.38,774.76,979.7233,1214.2005,234.4772
c4cec416-702f-4067-ba46-84088fbc0a5f,1313.41,2238.98,2200.68,7632.82,2230.9817,687.0925,-1543.8892
1822b821-7e7b-42c4-951b-8b77ca318a44,4113.47,2714.84,11937.28,4588.89,3892.4133,3799.1128,-93.3005
63fbbf94-ef47-4da1-97e9-6f9ae8589e98,424.96,3146.61,5662.35,27049.63,6047.2583,759.1356,-5288.1227
b4c9a98c-641d-44bd-afca-5ad5500eff51,1804.53,1665.68,1838.73,5329.35,1773.0483,1095.9391,-677.1092
2c43fcbe-0e14-458e-8b7c-5381399974ab,31250,28327.17,,,9929.5283,11772.545,1843.0167
7e6fb1a9-3671-40ad-a01d-3b9d45020e4d,5972.67,1520.53,2207.96,5306.25,2501.235,837.4059,-1663.8291
60c166eb-0fee-4a1a-a5af-db6f8f0e68e4,55.42,181.76,8857.48,15535.99,4105.1083,1159.7196,-2945.3887
e932aeb0-a4ad-42e4-846f-b05f67f1e339,1326.3,1811.63,7.2,4793.56,1323.115,1461.0572,137.9422
99587f0b-58bf-45b9-965a-54efd23bf99a,295.93,336.14,10000.23,90.77,1787.1783,679.308,-1107.8703
b81ccfde-5173-409e-9954-7489f8151116,9835.93,9991.69,12451.7,24353.51,9438.805,6423.2958,-3015.5092
00c99ca6-00d0-45a4-88d3-cf0be595552c,995.15,,,37.41,172.0933,1985.0593,1812.966
95715768-d1c2-4a90-9d78-ebde8ea95869,50.92,5.9,5.9,59.47,20.365,663.1864,642.8214
1eeb1027-f253-4d5a-88f4-ca2b75ca3919,14481.77,7383.42,19671.38,2909.23,7407.6333,4020.4396,-3387.1937
ed5e5eae-5e80-403c-9b01-e0fcb81a5181,1488.78,2732.84,2100.4,4654.16,1829.3633,732.241,-1097.1223
ab491cd5-e46c-424f-a8e5-a6d1132e44d9,50,,27,79.95,26.1583,1307.2686,1281.1103
68c5e65c-196d-498d-aca5-3484e1f04ccf,32004.5,3497.68,5400.03,15616.34,9419.7583,954.9094,-8464.8489
8180c942-5eb0-4c55-9070-3f4df328da09,2184.64,4642.9,1708.7,1245.48,1630.2867,1313.3373,-316.9494
d2450694-e1b1-4c03-89ff-3f65709d3063,348.26,251.03,119.73,963.68,280.45,752.6651,472.2151
ab419b01-3e80-4f1c-b68c-c1d1fb776f01,663.68,597.58,548.56,1310.62,520.0733,1009.6765,489.6032
bed64c1a-d3c9-45a2-9960-20e92d1ba247,,,4,,0.6667,626.0792,625.4125
6929705f-814b-48e1-8471-7eca37ee9e6e,,10202.28,14203.52,32865.84,9545.2733,5208.7493,-4336.524
38dd8773-418e-4f9e-8e38-1645f03896ab,3966.43,7095.76,3874.01,16403.21,5223.235,1403.1024,-3820.1326
9851a886-5249-4a4e-95a0-4eebff00b841,21444.56,29854.45,19614.32,87315.6,26371.4883,13091.1493,-13280.339
f86b6621-cdfc-4654-814a-733fa4519dc8,317.14,153.46,1406.59,6680.92,1426.3517,874.6169,-551.7348
68f7f35c-7787-4f3a-94cb-7c0d2a6c59ae,4394.95,4088.61,8580.07,14695.71,5293.2233,2815.8037,-2477.4196
cb675f88-47f7-4276-9aa9-a92c0691a70f,338.03,137,102,5,97.005,778.1216,681.1166
87cc5d48-0baf-4800-9e5d-59e30d1fbdea,5504.12,2853.51,3488.66,9727.67,3595.66,1739.4676,-1856.1924
c9fa044f-3018-4e8e-9713-24dddf3b0c72,2417.21,3836.17,1051.41,5061.3,2061.015,1066.0295,-994.9855
127b6243-8010-494b-801d-ef5c35d0453f,115.65,50,361.49,2497.19,504.055,586.6074,82.5524
bf885ae7-ffa6-4505-83c8-d81b55957e7b,923.52,84.3,,,167.97,1845.6681,1677.6981
75b08d66-f490-4f9d-9346-117fa1f6205d,619,121.07,121.07,40,150.19,677.0712,526.8812
6cc70d46-ec86-4e3a-a4ae-2fc9ec491ab9,1322.27,1321.51,1318.36,5222.36,1530.75,1338.0693,-192.6807
6f2de28e-cbf7-486b-9c4e-9856e9ea780f,7113.31,24193.23,2119.28,50875.42,14050.2067,10239.8996,-3810.3071
d96c04aa-cdb9-4520-91ea-882ef3bb4dc2,171.02,112.56,131.18,981.79,232.7583,647.337,414.5787
86f7ddee-460f-4c50-bd6a-24a33a3257d2,29.48,,,,4.9133,871.6603,866.747
a7d4dc29-bb9c-4426-a32c-fb4fa87722e1,367.76,431.96,682.46,1910.26,565.4067,968.4682,403.0615
c74cbc8a-c2c6-4691-aced-4904eabb4d6d,701.85,20591.54,37.12,4486.41,4302.82,865.7624,-3437.0576
873d6c60-7d62-40dd-a31c-99c48c9bf68b,200,2868.75,3476.25,8212.14,2459.5233,1414.8071,-1044.7162
4c8e5d91-c75f-4e9a-86fc-81864d3466f6,400,481.82,250,930.14,343.66,674.8076,331.1476
02fe39b2-8da0-4bdc-86b2-4a2e9282bea7,829.75,2345.9,,4260.78,1239.405,737.8368,-501.5682
516e1595-85f6-4110-a2b6-ef86b50cbb4c,10112,17963.57,6,8674.39,6125.9933,1329.8658,-4796.1275
5d3f3d30-61b7-4985-b354-a15134f18a4f,200,140.98,400,461.57,200.425,626.4233,425.9983
20576e49-1569-4dbd-a95a-c6fd67e9f6ec,169.9,227.83,232.47,449.23,179.905,1393.2288,1213.3238
8ff48056-1c97-475e-941d-70e48f3c215f,1816.49,,2040,8514.43,2061.82,2517.7556,455.9356
b74b09e2-5af4-4e29-ae27-8c19c8863ad3,500.1,758.45,535.05,2706.8,750.0667,768.001,17.9343
6a1cfc90-96e8-4dfa-82b5-a4d4ce95af9f,10032.41,8706.92,4909.42,66447.89,15016.1067,5891.6171,-9124.4896
dd3ce708-c2e7-45e1-ba3a-02d75e38aeca,6.49,0.57,2.26,2.76,2.0133,469.925,467.9117
cf42e3b1-de35-41f6-b122-fc6e531422bc,625.44,1269.65,1541.21,2428.61,977.485,893.1662,-84.3188
af9b5f3e-fac5-46d1-9723-afe362fc8218,290.66,394.53,353.53,1540.26,429.83,836.8387,407.0087
c57a0e7b-ca64-44e0-b7d6-724fe7023fef,183.24,,793.2,,162.74,694.263,531.523
255a3214-086c-4776-b93d-160579062806,600,827.73,4990.41,1119.99,1256.355,693.8383,-562.5167
59243f40-5ec5-486a-9e91-92897c781b8e,,,1456,3764.83,870.1383,774.2685,-95.8698
83c875d9-847d-4be8-ae39-0d69702d2a3f,,,2.7,,0.45,859.9443,859.4943
7899d5f1-025e-4368-914c-8e64ceb5af88,730.98,175,625,1695.92,537.8167,647.2524,109.4357
1b8618cd-6f85-484e-a964-499b5ae570a8,1547.24,204.1,4309.72,8321.62,2397.1133,3172.1399,775.0266
4b5f1c33-bf2c-4499-87ae-27f878974898,7903.5,32943.24,10007,31506,13726.6233,10202.2553,-3524.368
13a7a9b4-8b90-4e71-b375-90c46ba8a347,15031.8,25918.71,21435.4,166291.65,38112.9267,9424.184,-28688.7427
57f09d5f-5656-42eb-8f8d-bdacad92bad0,1118.08,947.96,,183.75,374.965,835.0002,460.0352
005a90d7-f7ce-4d74-9276-55c036076102,10295.91,262.67,16.06,3012.69,2264.555,7234.3622,4969.8072
062a480b-a915-498a-b1a5-fb440f5405eb,577.78,611.23,445.96,1375.6,501.7617,2879.2325,2377.4708
1fe509f1-fd7f-419c-bd6e-7ab6998b063e,1789.9,705.96,20,,419.31,994.6605,575.3505
b30da20d-5037-4884-aa23-c2a8ce898cc7,11665.53,3077.5,3465.27,9423.11,4605.235,1584.8828,-3020.3522
b6d9907e-4f03-418b-b0a9-00cb32c286df,4054.37,1839.32,,0,982.2817,2038.0627,1055.781
87050465-e800-4334-8b72-d652425cffa6,4589.5,3700,3723.39,11049.02,3843.6517,1810.4482,-2033.2035
cf6eea28-c0ce-478c-b158-cabd8122ec12,457,475.62,489,6437.8,1309.9033,833.7858,-476.1175
7014044d-3f22-41d1-962a-6c0f7863a579,1261.96,1785.53,1948.52,9428.77,2404.13,2712.2976,308.1676
a17c6820-8b9a-4ef1-b744-f360e25f685e,829.02,168.19,800.44,789.99,431.2733,730.3129,299.0396
fcce2bb0-f85a-4524-9334-124a7ddbcd1e,20.26,400,,1535,325.8767,918.683,592.8063
a29232a1-6c9f-4b2d-bf9a-a71262af76ee,42687.5,61813.03,10335,52569.58,27900.8517,51965.7383,24064.8866
d57e885b-ae69-4bca-bf0c-340d5fc4b2da,3345.63,104.43,37.59,327.31,635.8267,1662.5911,1026.7644
ebef0a69-2ade-455c-bee9-94e19ffbb03f,1804.89,2633.67,2762.65,6500.05,2283.5433,1034.0785,-1249.4648
a056b662-6d8c-42d0-92f2-5f38c4fed28a,99.85,580.97,244.95,2240.94,527.785,933.7462,405.9612
9612ba84-4cee-434a-b890-1e1537a2ba07,6122.51,485.85,586.47,283.99,1246.47,1870.1345,623.6645
b8e7246a-685f-416b-9702-24f8cf9e412b,1242.5,723,1834,992.37,798.645,1252.4246,453.7796
8de4944b-1f08-4278-9af4-8794e1db2e3d,1608.34,11267.75,8905.55,17990.76,6628.7333,1083.4966,-5545.2367
ef4a949e-90fb-4756-88d5-d0d3f1a3ab95,349.69,,,2527.34,479.505,932.9562,453.4512
a8aed427-337a-45eb-b7be-2427a0e39e0e,6430.09,8792.91,8095.8,28852.2,8695.1667,1483.6974,-7211.4693
60e440c1-f70b-4b56-abed-7f8f3f631710,1131.67,4178.18,2268.16,5629.7,2201.285,1200.0037,-1001.2813
0d377200-68a8-4512-83dd-ef62d02cb439,75.12,,,,12.52,1050.2281,1037.7081
62249e5b-0929-49f4-9866-bc85ff220464,332.67,3771.63,2609.47,6317.72,2171.915,884.8467,-1287.0683
2960f783-1cae-4beb-8271-7758be5081fe,,,15,1089.99,184.165,1437.8097,1253.6447
e805db06-fde1-4a83-97eb-7a13462d5c72,,16000,26500,92583.61,22513.935,2986.6695,-19527.2655
729ada28-7676-4181-9ca2-e1a4055403c1,5484.83,10565.71,4481.54,17965.73,6416.3017,6105.7188,-310.5829
3282e4de-6102-4555-8fcb-aaf6549e160e,959.08,743.44,1597.84,6092.17,1565.4217,1269.2177,-296.204
8e38d44c-af98-4580-b735-e15c43085ab9,5130.65,1546.94,15585.56,19804.23,7011.23,1182.8966,-5828.3334
e100d6ff-713b-4aa3-8c60-647751f8951b,9671.15,12176.32,16840,38697.44,12897.485,5371.0057,-7526.4793
d1ae4a37-8fab-45e9-9808-71ac0ea89962,32.85,2436.88,3354.99,13592.89,3236.2683,1352.4708,-1883.7975
18b2d9b7-c319-4b77-abee-2f4ff74246b9,1822.03,1861.89,3953.63,6762.57,2400.02,698.451,-1701.569
e1bf0ab9-07e4-47c7-b292-e396e2064448,1028.02,722.13,134.13,2788.96,778.8733,789.7875,10.9142
caccd933-6cbd-43e2-867e-803a7f0e9ee7,,3000,550,1630.01,863.335,1921.2888,1057.9538
94bb0753-5db6-4e4f-8844-52fe062b30e9,216.2,1009.52,106.2,2191.43,587.225,678.4249,91.1999
67f5794b-5d62-4860-acf4-97e9d7cc38f9,11316,11000,11000,38121.16,11906.1933,6478.211,-5427.9823
0f764f68-0356-4948-ae58-68411062ecce,12750.68,2540.71,65.73,2.95,2560.0117,2720.9781,160.9664
d21c83ca-dfb0-4d8f-8e47-d1575bc0500c,1861.39,1146.14,400,1669.5,846.1717,847.8094,1.6377
71b64bd9-026c-491d-9069-c2f9d5084736,897.56,1062.79,,17441.18,3233.5883,2363.9936,-869.5947
67d94fb0-d11e-4ffe-b59e-96f7ea6db3ec,1480.26,2872.98,517.68,18.74,814.9433,990.6922,175.7489
48612a67-8764-4b1e-b694-424100c7f3ab,2260.27,383.06,368.23,554.65,594.3683,744.6935,150.3252
8ef6a0de-3466-4054-b4a3-6107f5b8ea45,530.35,83.5,1517.09,1169.2,550.0233,810.2987,260.2754
c77ff2a9-72f2-4a12-afc7-ba19c2fa2d15,367.72,474.53,532.08,2052.03,571.06,808.6784,237.6184
188d8252-5dd4-4ded-a1f3-312bbcde72c6,924.43,1003.41,644.93,2331.05,817.3033,1014.0721,196.7688
e03d1a8f-1dd8-414c-9dc2-413b6de7c387,2383.59,383.37,,27,465.66,2210.4761,1744.8161
10d7d236-3370-4023-b642-f0da5537be24,245.99,,,57,50.4983,1970.4891,1919.9908
3a959ec8-3a34-431b-9f1f-70786070d5ff,,,837.32,7781.46,1436.4633,2806.1501,1369.6868
0d9249d0-616f-4e50-8f09-17386c3e6b04,291.48,,,83.11,62.4317,698.0436,635.6119
a6ef439a-ee02-43f2-9cb1-865731c80c58,26768.58,7673.19,26372.44,32229.57,15507.2967,9880.1727,-5627.124
4b05d38b-e099-47e0-8dff-63c9838d18d3,141.31,164.01,170,319.09,132.4017,677.6934,545.2917
b69dbd61-e090-41ef-abb3-506d7be94893,1200,9721.02,0,50717.86,10273.1467,2190.8516,-8082.2951
0227cfae-2544-4ac5-8c11-dbee1c95ccc4,1109.76,95,550,226.75,330.2517,927.5422,597.2905
455e478a-afe4-41ea-a3b7-2522c669a78f,8435.92,6287.7,6022,19342.25,6681.3117,1160.4034,-5520.9083
6287f983-530b-45e1-9c96-69f7490b514f,222.36,437.26,422.31,908.92,331.8083,724.1431,392.3348
675bf96c-540b-41ec-bab3-20599b716133,12.46,,,51.8,10.71,1258.4318,1247.7218
1f342db6-855c-4294-a2be-970bf6802742,11117.64,8831.95,4516.78,17121.86,6931.3717,6209.4424,-721.9293
e529ed41-ddac-4697-a137-00c769f6d8bc,932.37,4169.32,442.06,5788.28,1888.6717,1236.528,-652.1437
21a922e7-0745-4114-a092-7dd89e337b79,298.33,190.21,,,81.4233,1775.4978,1694.0745
d666a09d-06e5-4f4e-8e1c-57557d7bd124,7340.55,8740.94,9080.34,21159.68,7720.2517,1979.425,-5740.8267
832553b3-7033-49f0-9c04-9e51ccec213e,7840.66,8654.39,9124.18,43564.33,11530.5933,846.8856,-10683.7077
82313b51-fd97-43db-a07b-6b980f9b6fa3,,0.08,88.39,1210.65,216.52,884.818,668.298
18e917d5-c012-435c-8b49-cb9d8e356607,47519.62,105534.63,31313.8,191637.85,62667.65,52554.1408,-10113.5092
dbcd200f-6db6-475a-aff5-a85e85ab5b97,478.78,358.78,358.99,1396.85,432.2333,692.8807,260.6474
cee63aaa-0579-4c0e-ae14-59798810818a,,,25.3,,4.2167,671.1153,666.8986
785413ce-73ae-4d12-9b43-4d152e9e1aa6,1507.43,555.4,280,2795.49,856.3867,805.1248,-51.2619
7b15e875-49df-4670-89d3-3587cba8df5d,752.12,3455.04,2400.3,3907.62,1752.5133,867.6745,-884.8388
6ef09be8-5b0e-46f0-a816-c6c88b0de891,686.99,1149.07,246.78,544.03,437.8117,1131.502,693.6903
9699b42a-f7c1-4381-9efb-159739e89c1f,7353.43,2665.55,2035.56,8520.92,3429.2433,1217.0776,-2212.1657
8b110cdf-d77a-4f14-b7ef-8a1b9523a87b,6503.13,8949.46,1543.51,19243.27,6039.895,3419.0938,-2620.8012
fbd2eafa-f954-4728-accb-7c0e6fc2653c,6106.24,2000,5847.17,8782.39,3789.3,1708.0636,-2081.2364
ef488dc7-6a0d-422f-b8ba-b6c41c80a8c7,783.5,174.48,420.98,457.51,306.0783,682.7754,376.6971
16e58e63-1728-4c49-9fab-a36ab5e19c6c,1000.81,1987.94,2098.17,1990.49,1179.5683,3126.6383,1947.07
6e640303-5c23-4af5-b522-71f9fda19fc0,740,,4476.22,8323.59,2256.635,645.857,-1610.778
f3584f36-6d8c-48a0-afa3-217bd555b82e,67.02,1200,2214.75,9996,2246.295,2450.9187,204.6237
3af11a17-c8b0-46ea-8508-1406cdc7963b,5518.45,0.16,5500,8592.61,3268.5367,1946.8971,-1321.6396
71a18864-9a35-41a3-9f0a-1b686e5c2788,463.84,550.58,133.99,3214.85,727.21,982.2689,255.0589
c6ffd777-b2b4-4958-8267-d849e071f0be,31886.1,28050.13,34601.05,89036.99,30595.7117,18897.059,-11698.6527
7b01458e-61ec-48b9-b2cb-87f2a9d56b01,774.13,,1516.82,7270.71,1593.61,1311.4539,-282.1561
7301524a-cded-4cb7-aa12-0ba68046dbba,24967.4,20642.77,,2300,7985.0283,10927.5714,2942.5431
b8d5e845-a302-4fbe-8606-4dfa69107352,35464,57693.33,70507.96,225933.84,64933.1883,14566.4175,-50366.7708
eb4f71a4-239e-4e59-8955-f4d375007514,499.65,,143.49,624.2,211.2233,720.1824,508.9591
fe94c7fe-8e78-4bdf-b668-11e08124ff27,2134.96,415,893.05,2754.36,1032.895,1053.8501,20.9551
7b54b7ec-3bc8-4c9a-a92e-ff4b2b0af07c,732,28.39,,,126.7317,699.6054,572.8737
a644cc16-c4b9-4eeb-ae77-2467ee124a42,2188.18,1375.91,2805.89,4629.06,1833.1733,835.0816,-998.0917
8281bc57-f13c-4e95-92db-9f3d1a81c2ca,27000,5000,1000,236016.37,44836.0617,6155.611,-38680.4507
60033c09-6bc5-4582-8bed-b852f7eb62f0,,,15,,2.5,529.6143,527.1143
fc64ffb6-fcd2-4078-a95a-4567ec3aa56f,,,,47.76,7.96,853.8744,845.9144
fe11f5a4-b349-455d-9523-4836f01be92d,7019.05,5493.46,3952.49,6902.46,3894.5767,1394.4063,-2500.1704
50f7260d-0b49-44b2-8e9c-286e130c392a,,,27,,4.5,837.1553,832.6553
ce46ecba-92dd-41ab-9d9e-2e4d652ab525,1144.1,679,527,1538,648.0167,1124.119,476.1023
c8559166-5e22-4dac-abed-131d4f5e679f,2009.63,921.94,5410.85,8132.85,2745.8783,2050.6262,-695.2521
7e64a29e-9b74-4265-ac48-8c541a924ff4,2003.07,1458.79,3015.2,7996.32,2412.23,4644.1723,2231.9423
c15ec174-1da5-4c12-a322-578c519c6753,7447.85,629.96,3087.3,10108.07,3545.53,3067.2245,-478.3055
4d0904b7-4045-4572-8ad8-8ab1caa15ef6,,,2020.27,1.93,337.0333,733.541,396.5077
8c305e23-556f-4dde-ad80-7c05a541d993,1.75,,,12.56,2.385,731.3601,728.9751
5e0d2701-9e53-48de-8089-d77b875a669e,1376.8,1300.66,101.13,1773.01,758.6,777.8987,19.2987
6e0eee06-a3de-4cf9-bf91-589addaaf2c5,2919.79,4074.03,5633.33,15945.48,4762.105,1663.962,-3098.143
c598fb91-702b-4cc0-b587-d62213be1639,3712.61,1994.46,2804.44,8503.47,2835.83,2117.5573,-718.2727
f72eb58b-9c8f-4875-b29e-91b80ddceaa3,,,15.86,2.13,2.9983,,
627eb199-dc9f-4d5b-b294-a0ca58f8d8c5,204.69,,,2107.5,385.365,846.5532,461.1882
cde06dbb-bd28-4ff7-9dc7-0095f60f172b,85.44,752.96,189.89,1442.71,411.8333,915.8256,503.9923
24aab263-8991-418f-a844-c85b4b2ca5f2,805.58,723.34,1045.1,2283.8,809.6367,903.4108,93.7741
89b0114e-3b58-4ef8-9d40-3d23bb765f03,327.96,392.85,342.68,678.15,290.2733,957.5146,667.2413
e9cbe4c6-e1f2-4313-8680-f71155f4cfde,5433.92,4745.86,5656.88,15493.26,5221.6533,3652.266,-1569.3873
ebbedfff-5ef4-43c9-876e-171b268ef684,8567.92,9884.15,13255.49,42227.12,12322.4467,2160.2009,-10162.2458
c102a7b2-59b5-4edd-800f-251c64cda218,0,0,,3,0.5,462.4909,461.9909
8ee0b605-7bcc-4768-a20a-ddf13d81dedb,1994.26,3279.41,3477.74,9524.03,3045.9067,1435.1449,-1610.7618
1ea3f259-5d80-4b45-9930-87e8307b3e93,470.31,1735,277.5,1249.88,622.115,823.3819,201.2669
34f5a409-3af2-418d-acec-0b3073262a4b,,,0,,0,1350.0094,1350.0094
930b6413-612a-4007-b11e-9ec3a20e2a92,,2500,,450.82,491.8033,922.1945,430.3912
8ba27b7d-d17e-4ec6-a131-bbeaca4db305,925,852.34,868,1983,771.39,927.5639,156.1739
25202f9b-9ac0-4cc1-94ad-c4d3d8addf75,0.86,,,,0.1433,907.1355,906.9922
96910d97-54f3-4c06-8c90-90e976de6e12,40.96,8974.75,1950,25,1831.785,2495.2826,663.4976
0273d008-7911-4a39-bbda-675dfe790c4e,7103.79,9162.91,8349.71,25704.61,8386.8367,8014.6459,-372.1908
776127e5-7de3-4b48-be5a-9e95218f03e8,1100,,32.35,,188.725,4556.6693,4367.9443
757f4ef9-3f0f-46cd-bd53-6757614bbcae,4256.45,600,689.99,1290,1139.4067,863.577,-275.8297
3d89a0d3-8dd6-43d7-b7fe-786610575d22,805.95,54,150,,168.325,712.2403,543.9153
2d6d7006-91df-4747-a74c-5bec8ea2d6af,37774.46,29358.75,16831.87,45997.19,21660.3783,2135.1159,-19525.2624
3fa88931-9803-4736-b7ac-3fb29bac9e74,3926.73,3849.11,6571.74,12905.91,4542.2483,1269.6919,-3272.5564
9d2a5f48-a348-4da6-af92-c25effdb34fa,810,645,780,2355,765,960.5612,195.5612
dbecbf1c-bed1-48b7-bb77-41b847cc658b,,67.68,,626,115.6133,884.0295,768.4162
997cb9cf-a22b-459e-ac35-a388b4561807,26459.11,26482.63,59226.92,115028.75,37866.235,8581.1212,-29285.1138
b317d373-90b3-4da5-ab37-1136c9dc5a75,1658.02,1951.46,757.38,14504.98,3145.3067,1242.4773,-1902.8294
15e2f4d4-6a38-4d96-9c0b-b85b456cdc94,,,,1408.14,234.69,1466.572,1231.882
7fbc3883-e1cf-4ed1-ae44-e3572107e87b,2924.85,2356.4,2272.79,7496.85,2508.4817,1370.8186,-1137.6631
a572c665-d9ed-44a6-a12d-7e0487a31019,,,24.35,,4.0583,1753.0443,1748.986
16fbe657-fc64-4424-968f-b30c89862d3f,1500,1501.88,101.5,0,517.23,914.3371,397.1071
d490645e-65a4-47b8-8da4-91f33b5b876e,80.55,,,,13.425,2766.2111,2752.7861
e7b756e1-1a6a-4e7e-8d12-ba9fbcb6bec0,725,688.15,400,2308.91,687.01,1065.3389,378.3289
354e490f-fca7-49f6-9ee8-597e8baa2b9e,4679.19,7173.11,6219.71,11828.83,4983.4733,847.4356,-4136.0377
200a27c2-dfc0-4971-8cba-3cac3c86e2c9,4452.19,6274.61,12248.98,,3829.2967,2585.0834,-1244.2133
f797fbd3-3648-4291-9859-3b2cc09557c9,1701.85,227,,50,329.8083,1847.2898,1517.4815
d655daa1-8771-4964-be11-e6fdbcf1bc0d,137.6,427.16,457.44,404.84,237.84,1007.8875,770.0475
c6e03d4f-e5d6-489f-86ab-867d6bcd3587,,,0,,0,617.9082,617.9082
9aaa48ef-e4f3-4651-8611-5ae0f39284a8,2620.74,2917.74,3465,10807.42,3301.8167,2333.3076,-968.5091
ca5ca35e-c627-4fc9-ae38-0cead1027abc,699,728.31,279.66,2271.22,663.0317,824.6773,161.6456
f9986e7e-32e8-4eca-bc25-aad4888eae1e,4709,3,13129,2600,3406.8333,6403.9382,2997.1049
16ca7f8f-c041-48fe-9a52-55a718c7bd5b,1018.17,1716.92,3035.39,3833,1600.58,1110.0828,-490.4972
5934fe75-c91c-4b54-bfb7-e35b20201190,,80300,39300.83,,19933.4717,56527.3193,36593.8476
8ed43cdf-14ca-4219-a59e-293e9738f252,17480.03,5868.87,6837.54,27892.39,9679.805,4003.2962,-5676.5088
609aa0e9-1c6d-4b23-b1bc-6a8ad8ec35a0,300,170.25,1785.12,513.31,461.4467,722.2339,260.7872
399e4cc1-745d-4509-80d6-93dfa442c447,,27,,26.75,8.9583,489.6103,480.652
6deba382-296d-4122-9452-946019f6bb2d,834.46,93.53,153.55,9.57,181.8517,792.8957,611.044
ff8619b0-42f9-4b3f-a38a-880b38eaa5bd,562.59,5.1,5.2,1701.22,379.0183,654.3886,275.3703
fce0d32e-bb39-4173-a1ed-1eda0246cead,324.26,50.07,928.89,1491.46,465.78,675.2177,209.4377
926790b0-d946-4264-854b-5fd5540165e6,231.6,68.39,471.39,358.07,188.2417,695.1157,506.874
513b2d6a-cc43-47e5-84a4-fe05cc10245d,2167.69,1604.8,2049.29,6441.83,2043.935,2903.1147,859.1797
8118da69-d0cd-41a7-a82a-d9ab05a6235f,1134.74,1158.42,705,1513.92,752.0133,782.6541,30.6408
f69fdbc2-6381-40f7-833f-a14c96d88d3f,10951.6,11794.69,15147.73,27249.22,10857.2067,2480.5835,-8376.6232
ca32b7c1-55f2-433b-95fa-f02b91268241,218.49,527.27,574.65,1415.04,455.9083,1074.1781,618.2698
9c2663d2-71b0-427f-8a8d-810c0231c230,4400,1604.77,,253,1042.9617,696.811,-346.1507
e1c3e040-095a-469e-8804-4ae955cbd5ab,1518.22,1260.57,1710.31,4107.13,1432.705,1015.9429,-416.7621
9f251ff4-f35e-4fad-90cd-ee7f68a6f054,917.66,1944.29,2100.2,10190.79,2525.49,1424.0617,-1101.4283
985645a0-b675-4d18-9f45-6d7070a84360,573.31,322.18,1196.83,3185.26,879.5967,891.3464,11.7497
5c1e4878-4e47-4c60-bbe5-56180a0b6d37,2708.09,3590.98,4290.98,7541.6,3021.9417,1111.5542,-1910.3875
4449e8d2-635a-43b1-860b-cac0bf35bc10,426.22,219.18,1143.98,932.08,453.5767,780.9367,327.36
f556618a-8d66-4633-8f9e-d5bdf4e30b9e,7090.6,274,9379.12,2636.07,3229.965,1905.012,-1324.953
97fa67b4-3148-4ebd-9227-6cf49d7da04d,13805.87,9576.83,7326.83,56312.74,14503.7117,12650.767,-1852.9447
e62ca860-e7a0-4779-8815-3bfc7e45bc47,6476.61,2065.59,9947.25,18133.82,6103.8783,1241.7409,-4862.1374
30a352fc-1ecb-4472-a565-8fc8e0e308a7,2040.67,118.89,639.44,312,518.5,2119.6293,1601.1293
db4164c4-38a9-41be-a55a-0c04042ac397,4795.22,,,11061.83,2642.8417,721.0338,-1921.8079
6f24b2de-8b17-48a8-8393-afb4d2c1afa8,493,770,422,1406,515.1667,843.119,327.9523
c02361fe-9f36-4e7f-8ddb-67b41fcf74ac,,,,40,6.6667,1360.7242,1354.0575
fcd4cc81-6d43-4a1d-87dd-b32635fe91d9,802.46,543.08,658.07,1771.89,629.25,1562.5941,933.3441
bdeedb6f-24a5-4673-9123-1090186b2c7c,178.34,94.59,644.3,491.57,234.8,667.0074,432.2074
e92d6ec6-f429-4013-836d-ae3db7c9f1b8,5369.21,5406.61,3177.21,8773.36,3787.7317,2312.7402,-1474.9915
5b99b9e2-9738-4a3c-978b-6c2ecbc32ec9,755.22,805.43,1298.46,3463.77,1053.8133,1468.29,414.4767
b4bb7d00-81e5-40ec-8caf-0f08d12d8413,120,,7952.64,7886.5,2659.8567,1680.7159,-979.1408
26b5c702-1182-4d4d-8eca-fff061c440dc,5.25,,,175,30.0417,955.5912,925.5495
5d1a7068-cdf9-4394-83f0-1275bcda6225,663.57,542.95,609.73,1966.46,630.4517,875.1467,244.695
1f4dbe10-ba26-4668-9a89-56961bf2f5fe,500,,0,25000.43,4250.0717,879.267,-3370.8047
13d4d4e8-f318-4e83-8daf-70d24e021b97,,27,,,4.5,1705.6962,1701.1962
0f43f699-186f-4ccc-9cbf-19e8da961860,14975.55,1693.43,13131.29,40182.9,11663.8617,2134.3223,-9529.5394
b73f682a-8bd3-4eb0-8370-84496fb50fbc,10,300,,,51.6667,4326.2491,4274.5824
30c17fb3-a846-4311-bcb4-837cbb176ac7,,384.93,2209.28,2932.01,921.0367,845.5191,-75.5176
48f5dcd0-de79-40cb-b877-28646998c77a,269.44,1210.39,852.37,3514.92,974.52,936.7542,-37.7658
a3d120b9-d2f1-4d84-944c-da25d8aec704,4048.31,2423.16,594.13,13991.82,3509.57,1034.1789,-2475.3911
63fb7356-74c4-453c-b62d-7407b13010ef,3248.67,5796.55,3352.18,7909.5,3384.4833,1232.4922,-2151.9911
3cf23ec4-64a5-492a-9693-d868cb8e3d48,930.39,250,958,2832,828.3983,1045.1213,216.723
75efaf99-9880-4cde-a4e5-dd7677be3b85,1100,,,24.84,187.4733,1556.8774,1369.4041
768a149d-4cac-4853-bd0d-e322bc6ef2a7,16507.38,9925.96,33511.07,37686.88,16271.8817,7194.527,-9077.3547
f95390b4-765f-4d5f-8bd5-d4bb4428b137,1948.76,2802.97,,3009.92,1293.6083,1656.5715,362.9632
29e373aa-fbfc-43d8-ab84-f7f3be2d4904,1400,1305.26,9000,20500.85,5367.685,1165.579,-4202.106
47d59847-0d37-49bb-84e5-829279e78cd8,900,900,700,4000,1083.3333,1839.6552,756.3219
5f6f2a32-42c8-4898-961f-d2f31ba9a29b,,480,179.68,472.78,188.7433,577.2072,388.4639
57103872-0fe5-4ee9-808e-47787b4f9727,58970.64,20224.41,26190.83,95572.62,33493.0833,15726.2053,-17766.878
ff304296-e0b7-4698-a4e1-627fb0f2d158,47316.57,36305.61,21814.23,53135.11,26428.5867,5553.7107,-20874.876
8c4079ca-5df9-48b3-80d7-a6a37e855460,7090,9460,14050,48130,13121.6667,6905.903,-6215.7637
8283d492-346f-4046-a654-49d2a2a4340e,8232.8,2096.56,1934.8,7235.81,3249.995,2528.9721,-721.0229
84df1542-af4f-40ab-88ad-ce291db030f3,59.4,9518.75,2975,70.2,2103.8917,2116.8109,12.9192
741dca0c-091e-4357-90e7-8549e0cdca80,,450,,,75,655.0133,580.0133
ae8a71c7-f3d3-4819-9ff2-cd070598da17,323.39,,76.31,,66.6167,1047.193,980.5763
a9f5cb8f-e68c-43fe-a131-cffe260eef19,,,3274.42,,545.7367,1091.361,545.6243
fb4874ed-c1d3-457c-b4d8-a3b1b3fc17d0,46110,46161,16795,223358.27,55404.045,21011.4401,-34392.6049
0d20b151-bf69-423c-a312-2385602e6fcb,,537.68,1100,927,427.4467,651.2621,223.8154
050c891b-1041-4c5e-baac-8e9830ce5fdb,8864.5,5148,12654.25,25679.11,8724.31,6355.9469,-2368.3631
20bfd587-095b-4c0b-9718-b81f58a17947,78163.34,37006.64,679110.41,99992.86,149045.5417,20934.7546,-128110.7871
3962fca2-69ab-462e-819c-53561d7a9735,1291.9,416.15,349.61,2410.7,744.7267,635.0461,-109.6806
2cc0e44b-ee3a-4b8a-8b1e-d7fc51a8736b,4209.34,8615.39,2676.65,21054.44,6092.6367,5376.3178,-716.3189
3f01cd72-6678-437c-83e7-7d1f12327706,0,,,2.42,0.4033,1751.4048,1751.0015
e6d35bfd-33e3-4cc5-bec8-c977b76920e2,3487.02,2764.54,3627.26,8954.17,3138.8317,1500.0274,-1638.8043
11631095-cedf-48aa-a99b-46306a4c7e5e,1894.82,840.09,511.61,,541.0867,667.164,126.0773
d9ea26a0-80f9-428f-9f81-976b1c61076c,37.67,30,25.55,,15.5367,549.9964,534.4597
e3825821-16d5-438a-a15d-4d0ac6dfaf32,352.08,,1144.88,2002.96,583.32,836.3268,253.0068
23938b85-b40a-4578-9dbb-ca3db63b845e,,11770,,,1961.6667,1623.9305,-337.7362
fa922e21-00c2-4124-8ddf-10d77763889c,38585.68,5254.25,20371.72,92245.54,26076.1983,10150.9763,-15925.222
4d2829d2-c62d-4a87-b364-37606f45b1c5,633.93,913.54,417.77,7095.05,1510.0483,3071.7201,1561.6718
faed4a86-2f7b-46be-ae13-647440426dfe,280.01,546.49,250,1529.74,434.3733,895.6451,461.2718
693cc367-d8d7-41ae-b462-c6f25985c2f3,469.25,349.54,215.68,2225.6,543.345,807.5344,264.1894
c065e010-74ce-46a2-bd7e-f0d63e0cc116,,,,449.81,74.9683,726.6414,651.6731
daada12a-5b04-44b3-9c3e-a690cfa1815b,2457,2145,3001,6320.5,2320.5833,1246.8402,-1073.7431
5683e5aa-931c-4d2d-8225-1e6b3145bebb,611.12,115.92,193.6,763.3,280.6567,908.6385,627.9818
e59c1433-77b2-4f5f-9cb2-167f904cb53e,758.33,758.33,2583.33,5024.99,1520.83,814.2535,-706.5765
e3533fde-8d75-4dc8-974d-0dcb31c94fc0,3499.73,3241.7,114.05,,1142.58,1565.3119,422.7319
1d3583e6-5a78-45f6-a665-b698a0bfdebe,2770.89,6110.48,1614.1,10767.53,3543.8333,1843.8567,-1699.9766
367f95cc-b1a2-4f45-b5c6-1b53d2291efb,600,390,45,177.76,202.1267,926.911,724.7843
fde09f22-e06c-42b7-8f6a-673440cfe820,7238,95.16,292.74,8932.56,2759.7433,1457.1286,-1302.6147
09e5056b-adfe-4d9d-a105-818ac1bda8b4,3265.48,2123.97,5131.07,6875.78,2899.3833,1391.1381,-1508.2452
7bc8188f-53fe-401f-9f18-94f4d9c3647a,,,500,185.25,114.2083,1809.7006,1695.4923
9e5186e5-c0a9-4c5c-9f47-407ab90a0075,11508.46,6712.22,1604.73,14709.54,5755.825,2245.191,-3510.634
0a55b1f6-175b-48f5-95a3-bb1f25230161,124.32,175.98,154.35,766.53,203.53,660.1385,456.6085
be9f69f1-5604-410b-84fa-6ca2c0aff7e1,526.29,1375.75,273.25,,362.5483,786.1839,423.6356
0d0da7b8-03de-4dd6-82a4-f6d7769a7a80,,,6.8,,1.1333,956.4328,955.2995
8806686f-d03f-4cb0-a6f5-10b5220551d6,9437.86,2239.09,5952.69,13165.43,5132.5117,3167.9243,-1964.5874
58eef423-fb7b-4d17-a20d-dded2f9be440,12859.55,15409.7,13795.8,22693.55,10793.1,11617.9064,824.8064
fffe7bb9-c887-486a-ace6-b77de93f6c82,260,0,1540,3483.17,880.5283,718.323,-162.2053
d96f5f9b-ab29-4e4d-bf91-13914e3220dc,1027.64,2496.25,1185,20114,4137.1483,1796.7332,-2340.4151
6a43e306-19fb-4129-96a6-0736c5f5c791,32.6,,,0,5.4333,712.8784,707.4451
c949e16d-456d-45ec-8a80-81ed4eec661a,,354.23,376.42,4250,830.1083,825.5398,-4.5685
b7c7be87-6cc2-4b8d-8005-99f4c496d43d,241.86,,36.83,2466.51,457.5333,1202.5053,744.972
9fdc762d-d9da-432c-a1ad-5aa0a9ba65e0,105766.53,119308.71,63235.04,443132.61,121907.1483,64953.3087,-56953.8396
7d3c3c9b-a848-4c91-b8a8-d21dad42ee14,2667,5.01,4198.51,2718.57,1598.1817,2137.5156,539.3339
f27e3781-1534-47c6-ad03-02547ba5a63a,,2291.5,1057.78,9174.96,2087.3733,2221.8556,134.4823
49bcc2e1-6a83-48e9-b287-662d10c14e01,200,156.57,105,64.74,87.7183,905.6665,817.9482
23c4aa20-9802-409c-8eff-1a33dc8484cc,24255.09,4934,10147.85,15356,9115.49,10268.9876,1153.4976
9f25131c-df17-48ac-8dce-2eb73c03090b,200,4700,1003,9300.69,2533.9483,2381.6509,-152.2974
d4122381-efe0-48d8-b15c-5dd4aa5d97cd,1742.82,1255.65,2197.78,7668.27,2144.0867,1505.1217,-638.965
cc6196b8-a92b-4a12-82fe-90363085705a,1230.75,,,0,205.125,1375.8019,1170.6769
7536633e-8e74-4d43-9eff-377d34c8cde9,2018.3,1389.8,1614.3,7904.52,2154.4867,2719.5639,565.0772
dc676728-ee04-43cb-9850-5987febe8f86,2058.29,1624.1,1341.26,4080.46,1517.3517,1189.0154,-328.3363
11b9a05d-cc45-4301-9e5a-5a9e119a3e23,937.69,1064.5,142,1686.69,638.48,888.7216,250.2416
8a8d6982-da34-4f15-81a8-8c6ccd225e49,1448.83,1539.38,1874.61,1876.44,1123.21,1606.1812,482.9712
74c0c1ae-e8e0-477d-bca0-e05d7d4c4915,18415.4,11659.69,6181.2,67873.09,17354.8967,8452.0988,-8902.7979
bd3b5ce7-fe0c-46c3-b330-32663a4f6c22,193.3,344,,11896,2072.2167,3184.7165,1112.4998
286e6f78-73ff-4395-ab05-ee3b68557cad,952.69,,,,158.7817,773.6728,614.8911
c3f955cd-ecc6-46b9-9cb9-e1b064260ffe,698.31,174.18,43.83,86.49,167.135,797.8746,630.7396
561ec255-f4fd-4e4c-a2f8-36ef5429d623,105.14,,,30362.08,5077.87,870.3358,-4207.5342
8f2dd4f3-08ee-434b-bfe4-ea3d4a533170,487.95,1118.29,5233.83,9426.96,2711.1717,1435.7078,-1275.4639
927de51c-bad8-4eae-a407-ab9aaafe78d6,1166.94,319.48,551.98,1242.85,546.875,1622.8554,1075.9804
1af1bd25-fdf1-40fd-9282-8bc96d8e46f4,,,,34.09,5.6817,896.9962,891.3145
64516a0b-b66b-4f7b-b5c7-4a93730a0e0f,1993.55,5090.73,1722.33,1538.8,1724.235,1364.2479,-359.9871
9958ad2e-86b4-4046-8f6f-c07376c06bc4,583.42,2864.26,1870.52,4475.53,1632.2883,1038.0966,-594.1917
8391d206-de2b-4b4f-93a1-ccedb2df9726,5578.98,120.02,3206.91,2735.77,1940.28,795.2496,-1145.0304
838ad021-7f9d-42d3-baf4-21b5c80b10bf,1923.61,1311.86,1024.22,5391.73,1608.57,770.1004,-838.4696
f381ce91-1628-4085-af34-6f55ba32ec8a,3101.2,2684.89,3143.44,1793.16,1787.115,2274.7204,487.6054
366d2c9e-0a18-4173-8896-bd0acd58837c,53.1,58.2,,,18.55,860.9612,842.4112
bdcb45ed-f402-415f-ab7a-6eee68efa251,2205.5,4585.14,,,1131.7733,2623.05,1491.2767
813639c1-91a7-4fe8-945d-274d698bacf4,955.9,677.96,794.16,1807.65,705.945,1105.726,399.781
c7fa91be-44c3-4da8-983b-2a2c9733d234,600,200,250,324.76,229.1267,915.5175,686.3908
e946fda6-a5c1-45c8-8236-5a724bfa919e,1027,720,100,,307.8333,803.189,495.3557
b157c8fb-a524-4700-93af-44155a4158be,,1484.69,694.53,2341.23,753.4083,1120.9791,367.5708
ba8cbbb2-1f53-453a-85d3-44d450cdd530,602.31,1779.24,483.31,3178.18,1007.1733,733.0144,-274.1589
af94cc6f-764a-4e84-ab40-39b5a1512cd0,1624.85,,,,270.8083,1069.0688,798.2605
018a1d8c-9192-420c-bafb-32b08a05824d,,,,6649.01,1108.1683,1580.0122,471.8439
87f36b79-0457-4557-a419-414003d05460,3556.08,6214.48,2118.88,15133.78,4503.87,1944.6187,-2559.2513
2f1c5cc6-db0c-40bf-8347-632d5a9e8142,1054.51,1890.04,883.1,665.33,748.83,674.3731,-74.4569
319a9db8-cd95-449a-8fd3-2c13c2168f97,,5670.53,1742.81,2148.21,1593.5917,2435.2462,841.6545
22a605d7-bafb-4ef3-9f2e-dcb5f94f1988,1102.41,887.79,968.59,2064.9,837.2817,950.8387,113.557
552cf748-69e5-4bce-af4f-93ddf8b1d4d7,20,,100,,20,1048.1626,1028.1626
59e5b7e5-2b74-401a-bb9d-ef8bd5a5711b,4505.67,3180.11,4140.05,10296.05,3686.98,1696.2495,-1990.7305
f813ad2b-d1a6-4926-85d6-16d0a91c85ae,4083.96,1098.8,1393.36,10958.06,2922.3633,1539.1236,-1383.2397
5751515d-2f2d-49a1-9f13-f98fc5b82da0,1152.31,1757.03,1515.46,2311.99,1122.7983,675.2287,-447.5696
2a92adfc-3622-4fd9-853a-eba8bed6885e,100,360,90,,91.6667,643.751,552.0843
bce200bf-7b10-4fd5-b771-28dad948a603,2586.63,55.08,454.48,132.11,538.05,1575.9722,1037.9222
5df02840-b6e0-4e82-83eb-378f88463b16,200,239.17,,,73.195,934.881,861.686
2f0df299-6032-45b0-9201-04f8e58e1061,4385.36,1971.93,1980.53,2747.37,1847.5317,1747.3819,-100.1498
23ca4c5c-9c2d-4416-af1f-c605846f5493,129.95,33.5,,44.67,34.6867,733.42,698.7333
03d0c888-b6ba-4434-82cb-aab34795178d,,,20.83,173.49,32.3867,701.7974,669.4107
fb910abc-dc64-41bf-9138-5366c7ed657d,18933.44,24087.88,16461.37,65384.52,20811.2017,7541.0913,-13270.1104
00af21d7-a42f-49b2-9562-2257d1a747da,625.62,,,301.63,154.5417,1003.0312,848.4895
37073e5b-ab11-458a-b362-0d2cb7637c6a,0,,,,0,3218.4846,3218.4846
cf967328-6a13-4467-bcc0-adb44d3415ab,17807.93,22265.68,5225.25,18300.7,10599.9267,2879.1847,-7720.742
5d6917ac-c5e2-4f8f-8b2b-a9af5ffe61f6,4108.84,2744.15,2296.48,4294.66,2240.6883,2277.7316,37.0433
dff9486d-8a55-48ff-ab38-322a94142e99,62.23,170.02,,345,96.2083,645.1789,548.9706
e3c99be6-0811-4ae0-b026-f957490f1d64,853.09,384,531.42,2785.81,759.0533,663.8596,-95.1937
c9fc4074-b1e0-4d60-8aec-a0c418c1b4c6,731.52,893.59,2923.36,3151.24,1283.285,1152.6881,-130.5969
d290d40f-1ab8-4035-bf1c-36654544099b,4750,13590.65,17700,29751.79,10965.4067,2745.861,-8219.5457
392661ae-281b-48dd-b922-3cd1562d8efc,8355.2,24061.7,29335.1,37099.57,16475.2617,1871.2674,-14603.9943
e08bc877-eacd-4b04-b2b5-74558a4c88c2,1674.78,959.24,985.05,4358.02,1329.515,936.6501,-392.8649
81b6f584-1eb2-4347-ba51-5b852bbb03c9,877.5,812.5,967,1090,624.5,725.7311,101.2311
5eabf358-2692-4532-93a4-66a411f43bcb,1700,155.86,835.94,1100,631.9667,900.9137,268.947
902723cd-da9b-4157-ad9c-d026f22eaaeb,10595.59,11923.1,14778.42,14280.5,8596.2683,9096.0855,499.8172
218809c3-fa51-44e2-a904-174d3af656b9,153,,,,25.5,1067.6174,1042.1174
f5fab591-4353-4d0f-a577-f3f5d4383ad1,1382.15,78.6,39.3,6.75,251.1333,655.9069,404.7736
4c1a7f3b-dac1-4400-bc29-be2228dc0663,523,,148.69,2222.62,482.385,1470.7954,988.4104
1cfc480d-3d1e-44eb-88e4-13d6f270bfc0,2346.55,450,5069,3297.45,1860.5,766.8875,-1093.6125
7806de99-9bc7-4e5e-94d3-32509167e1e4,126.59,253.27,126.88,3339.1,640.9733,979.2357,338.2624
f6744a52-c0da-4b2b-911c-d0aad9e92d2d,1816.14,1923.21,1783.6,4197.76,1620.1183,987.2199,-632.8984
4614f782-852f-4fcd-b857-1a41f48ec434,3017.3,1443.75,1994.21,4578,1838.8767,1207.1955,-631.6812
f5b6a114-9568-4da8-970a-f3343129539f,1882,146.74,,146.25,362.4983,3157.087,2794.5887
5ba4b690-063d-4e4f-a6e2-2bc902c05f2c,69863.35,17173.33,28732.96,26320.78,23681.7367,19991.5324,-3690.2043
e653f6d2-1b89-45a0-b817-f3a1c416dbd4,0.39,100,,,16.7317,764.4422,747.7105
798318f5-e3e9-4d73-8ea2-23150486f794,606.57,1946.52,1605.91,5334.45,1582.2417,1239.8863,-342.3554
63200550-0c38-4cc0-8e03-b7c94a58199b,1126.47,2452.58,,10352.37,2321.9033,3344.4918,1022.5885
96567dd2-a270-4cfe-bc21-d92c76ce8a7a,181.94,320.48,924.82,777.42,367.4433,733.1076,365.6643
ebf254bd-286e-48d5-bfa2-57c72a3b8113,969.8,2217,291,1894.92,895.4533,850.0514,-45.4019
d6f3a3e7-ee38-473c-a71f-32db72b168df,1309.02,557.34,472.64,2230.77,761.6283,861.3778,99.7495
9f732f18-f35e-48c2-b03b-63129c07d91c,199.45,308.4,,2.95,85.1333,461.3942,376.2609
8eb7668a-3ce1-4e96-a205-300b866ee0d8,59981.4,117560.37,97911.47,3297.88,46458.52,8346.0475,-38112.4725
a3e55d9d-ddca-4c12-9149-1304821af4bb,203.92,14694.49,119.46,18412.77,5571.7733,3406.4996,-2165.2737
6b0ab081-1e4c-41df-92e5-c7c1b78b08c1,663.54,1075.23,1136.67,3177.89,1008.8883,855.8936,-152.9947
9ce0cae5-69f0-406b-bfa7-5ff178a5d9cf,0,,,700,116.6667,618.951,502.2843
016bf13c-fbb4-449f-8891-aa21f4602b77,103,,,9865.48,1661.4133,748.3588,-913.0545
61d02f07-7aa3-4a0d-82e6-decea641e886,10.22,,,,1.7033,479.1839,477.4806
bcd1abc0-7d92-4aae-ba9d-ff22cbb2d608,12868.08,16117.5,13068,28085.96,11689.9233,16447.7691,4757.8458
b1ad7897-17c3-4573-98ce-8884358ced1c,,1000,1067.5,3280.7,891.3667,948.9561,57.5894
7f217860-7ab4-4349-a83f-e77431681c9e,9514.45,4433,8623.68,4515.85,4514.4967,4387.7366,-126.7601
2ff45033-6e21-460c-9553-6fdc5a656865,2866.92,3510.12,9339.64,7155.36,3812.0067,1880.6952,-1931.3115
bf82c50c-0b1c-4c70-acaa-4cbc431ba9bd,782.58,1388.34,1350.06,4982.16,1417.19,1936.1559,518.9659
01684821-2213-4aa6-af7f-6986a9a1b012,,989.43,809.44,4196.98,999.3083,1915.9441,916.6358
a6f371ff-2124-4b94-b8d4-f6c967ccdbc6,10329.77,16499.22,19345.99,39117.34,14215.3867,5668.5295,-8546.8572
142b839a-2294-4fe4-be71-cefe4f93a7e8,440166.94,680077.88,404808.36,1387291.72,485390.8167,135221.3602,-350169.4565
e264351a-c21d-4047-bac1-2313d2f1b67b,5.29,,,3004.82,501.685,722.7574,221.0724
53b3e4c5-9452-4caf-91f9-47cc5b9bdf4b,2481.62,5463.37,3355.61,3596.78,2482.8967,1723.3878,-759.5089
24fadc78-8eeb-473d-84b9-9519815be55a,543.26,280.7,7213.45,20097.95,4689.2267,2411.9055,-2277.3212
60908936-8772-4240-9d18-d8ef665fbcc9,,,,7330.07,1221.6783,1033.6269,-188.0514
eb95dcd1-9097-4640-8e55-34a278abebfe,,,39.94,1714.33,292.3783,1108.107,815.7287
26b1f9ee-f3af-4ec0-b21c-1da448462ee1,297.56,47.41,1063.79,1435.81,474.095,658.4582,184.3632
4969e3ce-2b05-4601-a460-014f17d85b96,13519.28,8805.4,11656.91,38201.26,12030.475,7038.5963,-4991.8787
38c33f81-29f7-445d-b90a-44f54b5470de,90.7,23.73,19.6,321.83,75.9767,641.2773,565.3006
4af5e0a7-b160-49fc-b01d-c36f57829610,34222.96,27544.05,21084.68,82559.47,27568.5267,5070.5458,-22497.9809
12763aa3-af45-4c44-8c52-33ab5e3c0335,2023.45,93,,,352.7417,1154.363,801.6213
2e32b5c4-4b52-48b7-ae27-afb4b1f5f0b1,195.95,900.56,300,9694.21,1848.4533,1831.5751,-16.8782
14adf6b3-4836-4ca1-b8d8-718c1469fb4a,3020.57,194.58,705.25,1991.89,985.3817,1517.8754,532.4937
5a04370c-33a6-4bcd-8611-b975902d6491,,18,,,3,577.079,574.079
4c178b3d-fa83-41dc-b24d-37eed73faaed,178.99,9171.56,14023.8,27447.55,8470.3167,2465.7307,-6004.586
a21be918-7e1d-4df9-a3e3-c56d9d3511e2,,42.05,319.77,2131.04,415.4767,619.7117,204.235
9d12fe08-afd1-4266-b8ee-020a359313bc,2527.8,3501.72,3.5,386.99,1070.0017,7728.6665,6658.6648
8336526c-f0fe-4e17-9d02-bded92c35ed6,640,520,635,1846.5,606.9167,862.079,255.1623
d1a98792-e540-4d84-813b-e285570c2554,930.09,1880.33,2190.3,4608.69,1601.5683,1174.416,-427.1523
99467598-c95b-4676-8052-f8995d718e44,488.96,358.8,367.52,1117.56,388.8067,649.6878,260.8811
9018b29f-0c86-4899-9591-4bf5d1292930,7783,1067.16,942.05,19933.84,4954.3417,4051.8159,-902.5258
e45dfafa-48e6-48ce-b444-a3b58b5fd82f,258.92,,681.11,1108,341.3383,631.2072,289.8689
19aa0a52-281e-47dd-8145-cd9fe5dc4258,223.65,129.14,,902.12,209.1517,722.312,513.1603
f23d03a5-6e2f-4e3a-8143-a82d553827bf,39438.02,42287.69,44868.52,159024.33,47603.0933,15516.7922,-32086.3011
5fd39ba5-276d-4173-a22d-6508a100d849,14,,,,2.3333,1460.4766,1458.1433
e527b4d0-7cbc-4144-a49c-9081d6d5b5a9,929.69,774.9,1074.69,19769.87,3758.1917,671.8452,-3086.3465
311f4464-3024-48d2-9cac-793842af2754,4333.45,3371.7,9694.79,26565.51,7327.575,5221.8172,-2105.7578
c82b73ef-2747-4a9c-b3f8-7a6cf9466a95,3182.9,2551.89,3617.21,10237.68,3264.9467,1864.8013,-1400.1454
ce1f8a9f-73fd-445e-aafa-e929e0073699,36739.5,17271.43,10506,7718.5,12039.2383,20213.9878,8174.7495
16119f7f-0773-4680-abf8-b7767ed9bcdb,3546.88,2821.88,3378.75,9269.51,3169.5033,1000.8026,-2168.7007
1b495c1d-c749-4167-912d-80ad47095c87,,4298.42,37.61,257.89,765.6533,821.1965,55.5432
d760fdab-4129-474c-9fc4-4b255596aedb,,,53.75,,8.9583,684.0292,675.0709
9be9f16e-b344-47f4-924f-d7e8bb883033,1207.33,128.09,769.57,2364.47,744.91,706.841,-38.069
e97266fe-99da-49de-b473-48e73d745142,927.98,1125.73,1010.41,11105.01,2361.5217,1958.5774,-402.9443
65ef4b36-821c-44a8-a2be-b22dcdad208c,978.41,,56.95,29.95,177.5517,3379.444,3201.8923
63afac06-f331-44ca-8665-75dd3b0f8271,548.07,628.96,561.34,2248.26,664.4383,763.6704,99.2321
86a5e37b-8eae-4186-a7d3-3008c7b9f5b4,5153.83,2346.67,2967.75,3285.77,2292.3367,3664.4972,1372.1605
6e495a35-786c-46c1-a99c-81b7360546e2,4503.5,,,0.02,750.5867,2795.9772,2045.3905
5301695a-2463-4e41-a0c9-343afb3be753,3300,2650,2050,2200,1700,1517.014,-182.986
a0dcf2c3-b83c-49fe-b1dd-f6c32c0613e9,1475.25,241.06,663.6,3259.7,939.935,1392.4036,452.4686
469e70e8-942c-4443-940e-8550beda5432,6818.65,5295.58,5521.96,11404.57,4840.1267,3477.0664,-1363.0603
41c25a63-2768-44a3-8a5d-1e01a4cba6ec,,,20.76,,3.46,472.2371,468.7771
430fccc4-4b1a-4f83-9c32-5d83210277ae,3999.75,15003,338.89,14565.87,5651.2517,1749.2539,-3901.9978
50e04472-7133-4504-a2a4-e2a39810c103,968,849.33,883.81,2125.57,804.4517,921.859,117.4073
c12fa50b-3f3b-4fbc-a57b-34a23f4bf2b5,500,4524.99,2270.6,44.5,1223.3483,667.001,-556.3473
4286a22f-8a02-45a9-a713-e974d8777b74,199,148.8,,1349.26,282.8433,971.3214,688.4781
61e23b3b-6689-4858-97be-a773a1a4f4f4,1129.88,265.01,580.72,1409.42,564.1717,794.5009,230.3292
fc9bed61-1354-4239-8de1-f5868091daaa,1334.93,545.28,,400,380.035,1345.5682,965.5332
8d36cfb9-76ef-4ea8-a856-e1c96228ac83,325.22,995.21,846.02,1286.84,575.5483,802.5972,227.0489
ab0bd1cc-81ad-42b9-85dd-758b6c77e1bf,38095.8,38509.32,40948.41,123287.63,40140.1933,12375.2192,-27764.9741
7253aba3-e53c-40bc-9849-30014ed5549f,1000.08,2279.75,1970,6643.17,1982.1667,952.7696,-1029.3971
ffd2e58c-33b8-49d1-a8ea-e40ed6cdea4f,,7500,1225.98,2933.43,1943.235,1845.8375,-97.3975
04b9f2d4-e33b-4b0d-870b-513244867e4e,,58.55,,,9.7583,1102.0851,1092.3268
bdcb7419-4eec-4b66-9ceb-bd3b066e12c7,2278.27,10531.61,,6138.45,3158.055,11832.9955,8674.9405
ecb19b12-725e-48c5-8fb2-e4d2edd84a5e,21563.59,2165.38,934.91,1666.83,4388.4517,3399.9725,-988.4792
27b1371b-2eb7-4432-bafa-c580009f6c54,722.68,45.99,,1479.68,374.725,1907.2454,1532.5204
aa8dd5ed-0e44-451b-8165-3104920071d9,,660.94,2049.41,731.67,573.67,921.0533,347.3833
e338d891-4a46-4134-bfef-5f7c958a8c12,1236.58,3399.67,3202.39,5682.5,2253.5233,2056.6107,-196.9126
ca7615d0-45ba-4a29-b4a9-7df7ceb58753,,1545.95,873,3140.36,926.5517,841.1097,-85.442
3374590d-9d70-4aa3-b224-0ebf6deff386,,3,,32.02,5.8367,767.0269,761.1902
ea2a227b-1db4-4d0a-8f41-21875171b3cf,28275.83,27378.03,22091.61,97965.2,29285.1117,15124.6836,-14160.4281
06cf0925-56b0-4e99-9420-baa4e867cffa,21785.36,9562.94,8630.74,24826,10800.84,8298.6389,-2502.2011
1bb29be6-8b19-4c15-ae13-00ff9515abd2,20,30,,,8.3333,629.5544,621.2211
8d9f765a-2c2f-4729-8e48-e7efbfe4eaae,1560,1308.95,1212.5,6872.5,1825.6583,1257.2605,-568.3978
258cf4fb-bb43-41c4-ac80-e85e243d3fd1,,,27,,4.5,650.1753,645.6753
d689ead9-cee3-4942-8956-7a4dc4b39c9e,22185.69,13331.46,23076.17,105796.63,27398.325,16277.1113,-11121.2137
5e9a1010-e7f5-4dbc-9a60-b1a47e90ce1a,1533.54,,108.25,162.38,300.695,1245.6747,944.9797
dd2ecd94-c0c2-4acd-8145-0a6e475a832e,6805.03,7860.59,9872.37,36886.72,10237.4517,8458.5273,-1778.9244
a9ede8e6-b317-4f58-a650-716f5fef01c5,,425.68,1600,109,355.78,696.811,341.031
8d73e15e-417a-48dd-a4ae-47dcc534016e,1367.64,2718.81,3364.67,6887.43,2389.7583,701.4654,-1688.2929
33f3e301-13b6-4f24-bc30-514216be1d51,10948.36,,849.32,7162.59,3160.045,869.47,-2290.575
c9c78a67-6722-4c1b-8689-e9f9e266727a,1224.35,863,545.52,3064.29,949.5267,1157.7275,208.2008
757435c1-0c69-4c90-938b-45b2583ab119,6432.18,10720.69,7543.73,22845.69,7923.715,4831.5264,-3092.1886
f401c541-5342-4909-9b03-cceb72ed01a0,25,,,,4.1667,810.5817,806.415
67391b90-9a23-4e41-887b-77151cdf47f2,37.62,445.51,15,,83.0217,1028.5912,945.5695
d234c8d2-ced4-4b5d-879d-248306344443,4462.83,1132.83,573.86,3497.28,1611.1333,1850.4455,239.3122
4da34d39-dcc9-4691-8bd0-a3bdacb4f83f,1282.95,,76.66,2833.67,698.88,734.0961,35.2161
9a03f6c0-a5e5-4ff3-8e14-072c73ac7557,2020.29,1694.3,1233.23,1270.31,1036.355,978.4215,-57.9335
b083b05e-a3aa-4692-8583-130bb0090c11,8506,12509,10000,16741.7,7959.45,5689.7812,-2269.6688
bb73f541-b109-4539-a395-e0d6373f9ce5,3753.86,3968.58,2760.77,1913.42,2066.105,1084.2303,-981.8747
4c3b30fe-0a99-4a0c-a35d-98963a611d75,1650,,,3958.71,934.785,2400.052,1465.267
670cbc18-ffb3-4f9f-91f9-1124bad91871,360,504,432,1458,459,682.4125,223.4125
11a50b07-898e-44f0-9724-92e954cd4150,20225.32,3700.29,18331.93,32659.85,12486.2317,6810.5428,-5675.6889
63748346-b860-4f1e-9254-ca7ad1fddf50,200,0,0,290.9,81.8167,1236.6015,1154.7848
717ceec9-eb7f-464a-9fb9-3e7d150599fd,3.25,1182.81,1725.87,4022.58,1155.7517,1370.1605,214.4088
0623ec9b-8948-4fec-8ee2-9b153cd5550c,3596.41,688,1983.62,4623.12,1815.1917,1590.3607,-224.831
2611f394-0165-4031-b334-3a112388c814,7291.43,2724.26,2894.39,6898.87,3301.4917,2659.3875,-642.1042
c9f0058d-a416-464d-9e44-4c4df7f9fbeb,1962.93,73.87,144.41,,363.535,817.959,454.424
5b561268-e3c7-4558-8770-0c42e9cd00cb,12581.67,12720.22,19757.94,97020.44,23680.045,4094.0881,-19585.9569
99971bad-9732-4169-9ddd-d872445a82f6,701.93,701.93,1068.69,2366.78,806.555,1069.4146,262.8596
b0ac59a2-a881-4fe6-b16e-5b7fefbef730,2870.31,1000,128.8,927.91,821.17,676.1993,-144.9707
ed4016ce-938f-4cd8-8a2b-2a9608250a26,3214.81,2390.79,1990.33,3754.44,1891.7283,2348.8676,457.1393
1eb5fdd0-66b2-46a2-b90b-97cd8e18f17b,,4500,,2250,1125,806.2507,-318.7493
e406955f-e2ef-4ae1-aeaf-af296b9bb451,1394,814,2075.99,1611,982.4983,950.5848,-31.9135
ea9b6eaa-1f6d-42a3-a884-330120f6ea22,596.77,123,411.19,1894.41,504.2283,567.2216,62.9933
2477fba5-5f0d-4d0a-bafb-9d9ee699e32c,3550,1486,1935.98,3691.65,1777.2717,3873.0186,2095.7469
2ed78085-35ca-448b-851d-9b61de066659,228,97.7,250.63,673.06,208.2317,781.8676,573.6359
bed1fa86-468a-4bb0-b3b5-1f2ca9570c02,3445.47,2493.87,3149.95,9383.83,3078.8533,1828.7361,-1250.1172
32311e09-d565-4454-9399-48d53e55a86a,1300,,200,350,308.3333,531.3026,222.9693
25b45891-5e7d-4e09-8222-224f68671263,,,1923.34,3100,837.2233,1106.3334,269.1101
d6006030-5396-4a15-9002-7f799bbea902,500,,,,83.3333,2111.7002,2028.3669
55911082-f91e-4558-abcc-af95436cee3b,539.64,298.77,1668.45,2438.7,824.26,952.7042,128.4442
bdd6d96b-ef4a-40fa-82b0-a95e8899f062,1394.6,11244.7,,2713.62,2558.82,2367.9066,-190.9134
063c93dd-067f-4e10-8473-d1ece9964912,,,,2573.73,428.955,660.8829,231.9279
145cfe8b-535f-4486-9276-1139a2512d4b,9090.29,7684.73,6281.45,35382.14,9739.7683,1827.8897,-7911.8786
5309686b-26fe-45b1-ac96-e9bb5605776e,1673.12,1508.75,1500,4524.73,1534.4333,1308.411,-226.0223
94e01597-417b-4870-87a9-ce0f63f98ee4,3525.26,3992.09,5165.7,21816.51,5749.9267,3692.7923,-2057.1344
a704882c-bae8-43c0-b667-a4db480f14da,,281.25,800,2532.25,602.25,980.4426,378.1926
86b7bfa1-c65b-43d3-bf27-d8c9669c356f,2754.83,3112.96,1815.32,2255.58,1656.4483,1923.9514,267.5031
1a6b4137-e32c-4418-be07-283149ab00df,40469.88,25594.26,20396.03,109027.02,32581.1983,10615.0777,-21966.1206
c26a8d4b-44e9-4260-b8ba-027d4f882b4b,,,,450,75,540.7573,465.7573
1bbfd9c8-4931-4ccc-9d71-2aae64ad96dc,3877.8,1355,20.12,,875.4867,2784.9581,1909.4714
31f3a4b5-c4de-474e-a5b8-2d6c2a00d332,82.23,3488.72,1241.4,3362.06,1362.4017,899.7754,-462.6263
ea020388-67dd-4635-9734-8c742ed27c7c,,0.17,1091.14,448.59,256.65,841.4885,584.8385
16b614df-2f35-4bca-8bc6-d7aaa2d57d5d,673.39,783.12,,1153.37,434.98,1469.1866,1034.2066
8d9bdb8b-0531-4fd7-af23-8f8c5f74b3d4,1703.5,,,,283.9167,1165.3899,881.4732
9b2b8da7-487d-41a3-8e68-4f9b1b354db9,,,26.59,,4.4317,2766.8629,2762.4312
d4643b19-d2d7-4ebd-af73-11a8226647d9,,,12455,,2075.8333,651.6838,-1424.1495
35631fed-53ce-4b9a-a653-6b3fd1f2fe6c,3745.74,12.55,,,626.3817,5133.3382,4506.9565
47de6377-c442-44a7-b01b-893376efe581,2006.05,497.4,,,417.2417,1379.2027,961.961
bc36650b-1a39-41c7-a1b6-89ff4e48df2f,,413.83,490.25,1132.77,339.475,4702.6371,4363.1621
445dfdbe-c925-460d-bd46-ae272a17e5e7,,1769.5,2859.4,2297.23,1154.355,1103.4823,-50.8727
992a83c7-859b-48c0-97d2-71bf5e017514,17764.75,1055.18,,,3136.655,1258.1003,-1878.5547
c09ea4e9-d3f1-45f2-8cbc-2d3253a232cd,252.07,598.21,916.88,3123.67,815.1383,863.4785,48.3402
74c20898-d740-4a64-a089-bcb01c673096,4247.11,3564.31,18680.07,17017.71,7251.5333,969.7983,-6281.735
a490c141-4d40-4470-b4c1-fafa327ee53c,10840.21,10798.64,11659,31805.55,10850.5667,3684.1377,-7166.429
37914e6c-fba4-4283-8b2e-059c1971a499,15431.76,8954.95,24472.92,12000.22,10143.3083,5901.6218,-4241.6865
e3c5a9dc-4e71-44d6-a993-206de27ef51c,1144.56,19215.14,,22770.53,7188.3717,3318.9485,-3869.4232
0740bd4b-bdc1-4bed-937d-6c1a0c56972a,363.13,306.96,306.87,1070.67,341.2717,835.4576,494.1859
5c1f6697-154f-44df-9cfa-ad9747426d46,285.45,1456.29,1389.04,1913.86,840.7733,818.5957,-22.1776
cb438a76-49bc-4722-a96a-67a66b7e8ca5,422.06,350.22,60.25,,138.755,686.4355,547.6805
a883bcc7-ddaa-433b-95f4-873d78732c6b,3427.81,4195.95,1795.1,8024.81,2907.2783,3326.233,418.9547
