BUSINESS_ID,PAST_1MONTH_REV,PAST_2MONTH_REV,PAST_3MONTH_REV,PAST_FURTHEST_3MONTHS,AVG_PREDICTED_REVENUE,REV_30,DIFF_ACTUAL_PREDICT
159ebbfe-4e85-4b0d-8bff-3b084c3e1b63,10275.75,10260.8,5,143.3,3204.9204,2841.0878,-363.8326
03c1f959-65b6-4d8d-a0f4-2c835e21b776,4033.03,2917.36,361.78,2196.58,1592.7478,1267.1054,-325.6424
b5451285-edaf-46b8-9c63-76fbddf045fb,3429.61,3482.42,906.79,456.96,1489.6429,1783.057,293.4141
bc3518c0-3b4b-4396-818d-8f16922824fe,3218.7,91.9,90.7,224.9,980.3549,877.2601,-103.0948
ebaa098d-99d1-4e31-b6c2-d52384e3e7b6,393,484.47,630.6,3245.37,860.7068,757.6952,-103.0116
0eb5ab3b-1439-4f37-afb6-85d6e874f2ba,7588.81,10802.34,4932.73,23579.75,4951.7269,5208.9667,257.2398
4e1f8bdd-f8d7-4968-9bee-f0367110c90d,1261.1,1659.85,,9.48,843.0065,764.299,-78.7075
8064ffad-8fce-4129-99e5-19ff0243c286,8000,8000,8000,28832.95,5326.317,5432.6414,106.3244
045ef569-7b50-49fc-a695-acf0ba9e1664,4688.6,,,3655.16,1427.8993,1034.9782,-392.9211
57ce9175-b790-4498-84c9-206bb227ea5c,1989.66,910,693.64,2563,1107.3882,1305.4542,198.066
c9a534a5-8edd-4ecd-88ec-b48b7424ad4e,,350,,1660.3,619.2144,782.8173,163.6029
5a51dea3-8f0c-48e3-a631-34bcc68a49c1,1623.34,1755.14,1567.74,1855.85,1173.9753,1110.3229,-63.6524
bfd4f340-5261-460a-a949-dc8f9c7a7574,,22.6,2314.5,,660.8773,627.3334,-33.5439
c142c2f5-adc8-426b-bf14-255ef4296f1d,8.9,86.12,773.18,2474.87,714.1317,624.3024,-89.8293
1f518a42-4e3d-4427-ab7c-dc63cd8412d9,18473,17651.32,24735.63,9245.2,8053.9828,9375.6875,1321.7047
394f0b32-68da-47d1-be7a-098596549708,3413.48,2909.48,3425.5,8823.59,2231.8951,2190.3352,-41.5599
7654c2dd-cdd9-4a2e-9f38-51d343f3f02d,,38802.17,53332.76,238168.58,26450.602,12030.8516,-14419.7504
2e9c41c8-69a5-4bee-8565-85f63d588910,160.6,12067.79,801.67,11277.69,2748.8866,2098.2143,-650.6723
77ca48d7-83b7-4603-baf0-65fa88a80186,7.5,2923,,,799.0562,711.1007,-87.9555
8f2b90f9-1c81-47a7-9de0-99dddffdc90b,4009.99,85.88,500.31,,1117.9545,1117.1201,-0.8344
b7a38624-bf25-4e39-8e34-1d9c193164d2,17459.02,30474.59,33167.84,117371.46,17799.5804,18332.0286,532.4482
267dcce3-fa38-4aa5-a270-0127ea988336,3763.85,3384.31,1587.66,1505.98,1661.5609,1524.0082,-137.5527
7e5e17c9-5b0f-446e-a1b8-71fb579fc742,5240.08,294.12,40.82,432.27,1319.0202,1157.7432,-161.277
6a7a7345-c90f-40fd-8b95-4f47917948d5,175.66,3,44.21,4570.92,816.6718,689.9733,-126.6985
351a0772-bb3f-4268-9ab5-9ce53cb068b2,162.63,201.26,170.13,589.88,564.8896,571.6529,6.7633
2896a7cd-dbd2-481c-91a4-8c67150a143a,76.94,121.47,561.65,85.01,540.2488,655.1754,114.9266
95372cdb-8b3c-4b2e-ae2a-5a71b547fba6,1500,12396.62,1491.37,1054.6,2319.8315,2622.0519,302.2204
db84e409-0124-4a32-9400-989edd28106f,663.91,100,400,1134,687.1694,685.147,-2.0224
0c9e8fbd-bd50-4920-b10a-53217a7b8c41,5828,10068.28,3,5015.44,2858.7084,3323.3636,464.6552
8c1b7011-e5d4-43e3-9b2f-b06bbed1a4a4,48.62,200,,7506.71,1025.5006,1027.4195,1.9189
410e5d90-e803-411a-b334-2104d49d81f8,3891.7,2916.23,3246.99,1140.26,1742.4918,1847.3841,104.8923
7a375729-5874-4503-81ba-c05938b958dc,1064.17,57.66,,1260.11,717.4616,874.4985,157.0369
d81e3981-70e0-4594-b6df-755ac5a63a32,2624.63,2597.24,551.42,2440.41,1376.9752,1761.8291,384.8539
bfc711a8-8798-467a-abad-eeaa5b65a604,,1205.57,1318.32,64.23,716.8915,662.0397,-54.8518
29c55024-a458-4dc4-8333-3cb41ab099d3,46952.17,102585.69,54232.21,51410.92,27671.2751,28837.4629,1166.1878
141aabba-bc28-47bc-b4fb-00b41c4e400e,,8083.15,,118.74,1401.8608,1401.8608,0
4df9d71d-a3c1-4116-9679-aa9c5fa50e6c,257.48,10026.35,184.24,1782.21,1799.1072,1848.9371,49.8299
2eeff0c0-2812-4ed5-bcdb-5c76a57b6dd6,,1935,345,571,754.0282,727.0282,-27
54b97591-84bf-4c68-bc70-60eb074bddd9,,7.75,,1257.74,551.0564,550.9139,-0.1425
62c05792-8935-439c-b1ba-a60f9ff28362,412,11435.32,8391.84,241.12,2576.2074,3620.1965,1043.9891
41842951-0402-4a6a-9e46-ac8eab75b2f7,,8.36,2136.1,1002.03,715.3432,679.7432,-35.6
9bba2fb7-687d-4e78-825d-a0cc0a621d64,1259.79,1416.51,36.53,214.91,832.4738,769.983,-62.4908
9a4b3115-0966-4320-951a-19ccf060254a,1556.99,10521.5,1129.01,34940.13,4493.7409,4267.3094,-226.4315
c929115e-14a2-4f47-9664-4d72912ba170,8871.92,8834.33,10493.09,17488.78,4959.2892,5654.592,695.3028
99deb263-c602-403c-9e14-f1a9e417c4b3,308.7,2608.54,7666.09,12586.21,2359.0107,2093.9644,-265.0463
97e7fe9f-9ec9-4cb4-8278-ec4b08990a33,503.3,387.71,591.17,1013.38,703.8889,730.4275,26.5386
a944b770-93d5-4542-bcbb-2c13897824aa,2997.38,,1160.94,300,1033.1202,927.0129,-106.1073
33ab2c78-3306-4f98-a46e-e5ea967af1fd,1550,,200,4760.05,1050.3466,1398.6946,348.348
57b8c558-bc9c-475a-ae5b-0d17cf0df258,2718.85,972.22,11593.16,33.82,1975.2716,2225.5506,250.279
0aa00cfc-1115-4b11-9853-fa32482e4d35,480,424.54,1062.21,877.45,735.1741,956.43,221.2559
7d17f809-5c79-4841-a8fb-04b038e3821e,628.7,3549.51,1117.26,1718.4,1182.7965,1206.4668,23.6703
d4aa036a-83ca-478e-bac6-8af3dfdbdda0,645.55,1747.45,1740.95,2382.8,1077.9482,1042.343,-35.6052
3519e586-b242-4faa-85bf-9b79dc312a6d,,532.46,,1701.82,643.2265,788.8121,145.5856
fd6cc501-e74d-4a6a-a4a0-95c0518a218e,1021.63,1337.67,517.39,1320.03,907.2112,910.1896,2.9784
d48960bf-16b9-44a0-9473-4e566f605b12,170.59,1282.72,98.05,1823.28,772.5529,751.5681,-20.9848
c0ab672d-aaeb-474b-8e3e-4d50b95c6000,,910,250,2629.7,774.2096,774.2096,0
f7d36e63-5cc7-4d29-bce2-09918bda9135,7500,12500,8000,4000,4002.111,4756.111,754
2b2cf63c-24bf-4d0c-b7b8-6a30dde9856f,624.87,300,1805.87,5329.28,1123.1274,1182.4273,59.2999
aad66ac1-85a7-4835-be59-5a4856cae816,1709.84,10005.62,821.09,2938.93,2152.4763,2071.9013,-80.575
2b4eb70f-0a37-4aa1-bd7c-19110baf7840,599.47,1066.51,757.31,,738.7606,738.7606,0
e8219e34-6bb0-4e4e-849e-2783404760bf,2352.48,300,,700,899.825,899.825,0
32947d50-65c5-448a-9bf1-867ab1a3e52f,817.58,459.43,1175.12,1789.5,864.6879,864.6879,0
c7d98755-8f13-4382-a780-eefea196da67,1027.74,600,2500,3135.32,1121.569,1121.569,0
850873b2-878b-40ba-98a9-1cef4a01007c,1705.51,3118.05,2343.54,2800.47,1477.1567,1401.5023,-75.6544
9723da04-38cd-4bcd-8115-e06fd19ce225,1339.59,1468.49,458.49,8.61,871.853,977.5127,105.6597
237dfc16-fa99-470c-9e68-65c322cd9f43,10812.71,860.2,,626.74,2235.0586,2856.6322,621.5736
0ae959e2-a38d-4f79-b5e8-01cc8562b67d,2643.96,19.34,6.5,1070.32,938.3139,845.7256,-92.5883
8a5b7132-b1fe-4a89-aef6-b5ee6e98b6de,4259.87,1009.2,50,72.95,1228.9251,1458.6766,229.7515
1df0a61b-ea88-4fda-922d-fac9565813d5,2255.56,2926.67,899.38,2382.45,1384.9247,2524.8381,1139.9134
bffc20f4-fe29-498a-8540-ef1481919896,1631.09,715.46,255.84,5974.6,1236.3837,1120.1277,-116.256
5ab689c3-1fe3-44a5-81d9-1ddd79541866,,43.96,16012,33126.19,4191.6935,2726.3292,-1465.3643
d4801131-4308-4c53-b503-d2c5cdb5578e,260.28,220.93,101.21,958.77,602.2643,602.9215,0.6572
f0a1fc72-752b-4df4-8a41-e1cd7e8db025,3550.96,2974.03,1447.55,3463.82,1709.5436,1740.7251,31.1815
d908c700-e70f-4935-8772-5beba34995c7,1925,445,1267.07,0.67,910.5095,1069.9977,159.4882
2b89fa34-3b3e-4b56-9837-1d411c7e61bd,8886.58,14883.78,11910.53,28848.11,6589.4402,6233.3999,-356.0403
c0bede2d-2703-4989-a923-173976db29ed,3765.6,2124,5376.25,13255.6,2676.5036,2527.7753,-148.7283
2be0e28a-b66c-470f-9c2c-6e75bb7585e8,2775,8010.9,7475,23045.14,4082.7178,3861.8643,-220.8535
6f6357b4-3636-4ea2-bf13-fcc31b6b02ab,2244,53.92,,1176.05,888.9633,1172.1282,283.1649
8a940d08-4629-45d1-82c3-240f399a502f,9126.64,3153.52,3390.12,3,2490.5544,2231.4423,-259.1121
4f106bdc-f083-4292-86a2-d9a52a4c266a,1355.5,4003,43.39,,1130.6721,1265.5421,134.87
2f95a0ec-03a8-4364-8444-dfeb2fad079f,3526.89,5794.69,8146,18274,3657.9504,3533.6677,-124.2827
29e60c2f-cb16-4e38-8edd-9394ec6819de,74.99,27419.67,5000,46760.21,7392.4764,6574.0114,-818.465
fd560c0d-c028-443f-a2b7-e799a8e46f6e,,,11194.61,40495.12,4299.8832,2418.055,-1881.8282
bd0df458-5228-47d0-b81b-915c3d5b7866,1686.78,4600.97,5203.73,16163.15,2841.1442,3102.408,261.2638
c851a082-9512-47c2-994d-ef0a9b6fe6ae,1310.15,1943.1,1846,5134.47,1405.638,1418.3472,12.7092
1157e4b5-86cd-414c-bde8-5466927ec14f,,,,1041.8,534.7872,592.0765,57.2893
d2631e78-3599-4e27-b105-dc74306d694b,2036,2660,2496.75,4563.05,1612.7154,1587.3328,-25.3826
cf01cbc0-cbc7-4c03-ac1b-94d31b1f2a91,1303.1,726.89,838.17,2484.54,989.4806,1012.0584,22.5778
a6ab60db-f18a-4346-98bd-12424f99d7ec,118.28,1147.97,1143.12,1975.1,849.1729,786.8606,-62.3123
5dfa5f7c-0d60-467f-8e0d-8910dacbbcf5,485.25,,1916.66,473.91,731.2119,859.6932,128.4813
555f398f-9d01-4e5b-8151-106325732862,17.88,0,4000,0.11,804.9151,804.9151,0
00a271cb-d2e5-4349-b766-ac727a85028d,2.5,1103.5,415.34,5035.95,982.3616,982.3616,0
45d067a1-f22e-4c8e-a66d-e264e8f0e0de,4.5,3124.59,2507.54,1150.17,1117.9033,1117.9033,0
f3a5e692-a64a-4f7e-a4be-99c4b01002bd,784.77,1334.65,735,907.36,860.346,893.449,33.103
fa5c9976-1749-40e6-b081-3f2f20ce3007,13208.23,3201.08,1843,23508.7,4653.0284,4653.0284,0
1dcf3a8a-e1b9-453a-a931-0b2abf1f8e0f,135.06,1318.39,540.76,1925.42,816.3911,782.9341,-33.457
e3c39138-cb85-4c57-a15e-dc9759b27662,3,2875.1,3297.34,3113.58,1296.1297,1296.1297,0
989a1614-a36d-4bf9-ad0b-9962415f5110,753.42,36428.57,10579.85,131750.5,15062.2385,15062.2385,0
b7ddf165-e619-4974-9aae-19d29c87fd03,13864.61,11379.88,5146.18,39495.95,7116.2278,7190.9068,74.679
a58d210a-19fe-46b5-9185-8f0affc9de55,715.06,837.14,149.05,889.25,741.0915,739.3526,-1.7389
9322bb1e-d086-4857-a635-5d131f0f996c,,,,2227.16,619.1848,608.5048,-10.68
177f26c8-b1ec-4000-9b7e-6e79b136c894,1503,1500,1500,5250,1362.2634,1308.8634,-53.4
0b3d543f-21d8-4b30-9948-2c8e135b0f3d,2889.96,3301.41,387.85,8599.54,1922.8093,1922.8093,0
e911bc98-ac9d-4077-9d38-9b639ae4a651,49166.38,17806.25,24168,67708.15,16814.5098,16814.5098,0
e1ef7e41-26ec-44d4-b4d1-d5a01327f31b,1406.14,1101.22,974.05,633.9,928.0553,973.0109,44.9556
38a47dea-9f4f-4500-9fb8-dccab7b33bfb,2544.1,2135,99.75,124.87,1108.0497,1108.0497,0
28488357-252e-4a59-84dd-3a4e7473e3e8,1460,405,162,750,794.7508,794.7508,0
061852cc-8dbf-4bf2-b082-00d52e40b361,654,1422.63,1006.5,8807.44,1436.4505,1400.6116,-35.8389
198af8d7-fcf0-4636-800b-2b49cdbfbb2d,295.75,1980.03,456.86,160.7,784.1632,811.4181,27.2549
8ae66017-8038-4d25-80e1-ae961f56a1de,149.8,1162.04,1551.07,804.34,807.0306,802.8267,-4.2039
ce0068c4-9c67-4588-b05d-2a4c956823fa,,500,,833.54,577.659,577.659,0
095498ca-e054-4ad0-866d-1722fa1ad07a,2290.99,7663.08,2849.99,12134.26,2797.7602,2791.7602,-6
77a6af16-18a9-4957-8175-0adc8e09166f,,,,679.21,508.9708,508.9708,0
0c515ecd-71d3-4ae5-ba25-c30f34b3d384,15050.95,30513.99,20436.29,25913.75,9841.9269,9841.9269,0
2c6a7e89-b409-4ac4-813f-e2f931bead33,6689.15,3495.7,5760.9,5692.4,2770.0183,2748.7183,-21.3
9c19a10a-f86a-4233-b7b2-63155baa3387,4872.56,2293.15,1842.74,3221.07,1846.7327,1831.837,-14.8957
b26d3508-23f3-4dcc-ad6f-fb97a3d8761c,8000,,,7500,2201.011,2201.011,0
cd4ba4dd-350f-42b8-91d5-4fc052560c44,3263.58,745.98,430.67,1326.73,1170.0874,1148.038,-22.0494
3244fb7d-e35f-4129-8f03-119a65b725f4,1634.93,1700.46,78.39,4227.35,1211.0734,1187.0734,-24
3bb05626-7f3b-487b-a704-7f1475fadb00,4962.68,2248,120,3084.87,1698.2931,1706.2531,7.96
f364365d-ba5a-4f6a-a537-04806a5d963c,491.85,351.48,2283.04,231.97,786.8307,816.819,29.9883
25ad4757-561c-4133-ac0c-71bdd2744d78,,,1925,575,665.946,665.946,0
2aa7c539-3fcc-4701-b0b8-0ec4e417e1fb,3403.53,634.53,640.6,940.85,1168.7838,1168.1838,-0.6
e431a1a0-5716-48b7-9c9a-f541b9b1b4b5,1059.77,,,4258.35,923.6188,1083.3341,159.7153
f269a096-c6e0-4fb2-8b04-7a1f42e6b44f,,11259.05,,15327.01,2851.1885,1657.0946,-1194.0939
6f5cc557-eb64-409e-8e7b-f5fc8e2a8a22,,97.87,644.46,2217.99,684.863,521.2603,-163.6027
15fa003c-a0e7-4b02-9238-316cc2aa455d,7201.76,7532.81,7119.84,27928.72,5012.4819,5572.7018,560.2199
49989b67-5508-42db-88d9-aed8195c40fc,16465.45,2830.45,17335.47,12354.6,5630.3314,7850.5074,2220.176
a8b27d1e-f3c0-4c4f-b93a-56a41e412d2b,5915.39,3673.98,3587.52,23000.4,3720.6318,4894.7435,1174.1117
044d3a53-ae79-4342-84c8-5054a4b7654a,312.4,209,,0,531.8395,543.3411,11.5016
68451f84-3549-409c-a119-6aefae751999,6521.74,9407.95,7969.46,8408.09,3809.0147,4468.7574,659.7427
21ffa946-f599-4169-b2a7-d031df3ff0a8,,479,,11302.1,1320.5971,1306.2271,-14.37
15439d8b-7376-411e-b000-486552893666,2758.25,4233.19,3530.61,6542.9,2132.4338,2088.7201,-43.7137
831febff-ee32-41d1-85fd-1ee3d8b4be9e,1001.59,498.94,2526.59,5353.11,1266.1407,995.0176,-271.1231
de0f8020-d568-4377-9f9c-83c3719e47be,,41.23,,5,465.7249,464.132,-1.5929
b615f7a3-d833-4b61-8517-28b577f63325,9507.8,10125.8,18241.9,30500.4,6792.3913,6809.5132,17.1219
1cb3f38f-be3f-48f1-a6df-5aa6162beb58,3542.96,4851.76,972.95,37.5,1640.5424,1420.4495,-220.0929
716f4bdf-b78d-43e5-ae46-ac902facae8b,350,839.47,100,1918.76,755.4216,664.1172,-91.3044
ffd540f8-e665-41e1-8066-4b11fd3ad3a5,473.71,1656.25,362.06,1623.05,869.6588,763.9566,-105.7022
2a1b23f9-6711-48c8-aabb-f14331800f73,11502.7,15402.78,14650.88,31637.72,7476.4898,7606.4131,129.9233
54b6494c-2212-437a-a4de-84c493a27eb3,1435.47,570.07,,1396.45,842.2932,853.915,11.6218
038599d3-8622-4f20-ac54-758e56a4b724,1848.7,330,,703.8,827.5875,1146.614,319.0265
d42ba3b4-f3b0-4b49-b88e-1b866d717d05,5003.84,1827.87,,240,1443.2143,1715.6309,272.4166
db00b68a-d8f1-4a9e-8f0e-15f4ae77c223,2185.38,390,300,1250.13,949.8016,1032.0089,82.2073
60ae4742-e471-4cac-8a83-f200d59f3338,5937.29,5237.46,6242.07,22900.53,4123.9477,4200.36,76.4123
47c5fd57-c01d-4733-a8c2-a45e21c949b8,15590,4750,4310.12,500,3763.4172,3377.5296,-385.8876
0560db19-0535-47d5-911a-b186d47ae906,6954.63,8291.72,7436.48,5696.02,3506.8657,3881.8851,375.0194
bd2367a6-a9a3-48bf-942a-11c5e4c50c6e,750,,403,3003,821.9408,867.2108,45.27
15ae99eb-76d1-45ff-8133-2ba33b37f6bb,28511.45,30148.73,20267.55,54654.94,13861.5816,13577.2865,-284.2951
357bfb77-5f9d-417b-b74f-f717976cdf88,3941.11,13832.48,4053.3,15634.47,4110.5247,4145.9371,35.4124
2d14e20f-6574-48bc-aa7f-f434445686bc,7500,3771,,,2026.7844,4438.0886,2411.3042
48e76ab8-de40-4fb4-8daa-6745ca6f90ef,630.39,599.61,267.87,545.73,686.6009,795.2474,108.6465
f642575f-05d6-43ab-aa8a-6a198799408b,16844.9,9729.6,,486.09,4158.2274,4784.9365,626.7091
23be8691-27bc-45ed-b40c-b305eeed9ad1,1224.79,198.36,1584.75,113.24,811.6004,1572.7824,761.182
0a80ad62-582b-4eac-91ec-000b13ece137,849.13,495,699.21,183.4,718.5534,1196.2234,477.67
3c7aa0b9-56eb-411d-a15c-b02906ce9c8f,0.01,2067.01,,,699.1455,643.8794,-55.2661
9e380312-c2b4-4699-a6f9-ac81cbfd32e4,1228.49,5556.46,27414.22,44465.42,6794.1951,5399.6647,-1394.5304
34f2056b-27c6-4d93-bb3b-83d0f199aa5e,4080,3166.25,1700.51,2447.03,1760.7123,1609.0778,-151.6345
cb9181ac-cb97-4b28-bfb7-92c73f84bcfa,6104.13,8889.67,,200,2421.2217,5262.2974,2841.0757
dd8ca59f-d9fe-4500-9e53-1fa59e6f4a5d,11.46,4227.79,480.58,3624.87,1249.3584,978.3754,-270.983
b01f781e-0c46-4ccb-9dc4-5541ce7f37ad,6889.89,9167.64,7839.73,4629.87,3556.7118,3911.2746,354.5628
ca4496b2-ba61-4983-9b1f-8876f38d1bce,3577.85,,1302.6,2722.59,1305.2412,1160.0884,-145.1528
72532a8f-4259-45f2-8fa6-7dc58ea802d8,2063.27,699.13,1615.54,3536.61,1242.2055,1244.9255,2.72
29f05f2e-2f64-4ba1-9f56-c121bebfbc5c,17448.41,16436.75,18421.46,58815.92,10749.5184,11075.5126,325.9942
6c67ce60-2b78-4e14-bddd-7d135be172a3,2350,7718.51,24650.2,29996,5946.5493,5631.984,-314.5653
1213d3ac-b80d-444e-9571-46a162f3f9ed,1028.73,1608.39,633.55,1250,944.4569,1083.9162,139.4593
0104aadc-0181-40da-9f3e-f7d0201675c8,2420.59,2978.53,2897.81,8322.49,2009.3926,1998.8045,-10.5881
6b43ee27-b13f-46b1-9fd3-46d7be2a30a3,100809.34,163327.21,171224.5,264565.01,67970.2205,69111.388,1141.1675
ac3a2718-ce5e-42bd-88b2-69c381dbf131,,1831.99,2145,2832.82,1056.9024,1408.8815,351.9791
3c0e0134-6434-4181-9ed6-1ad0d3ff6022,2407.12,2576.51,31.27,4.5,1123.9248,1133.6545,9.7297
8a04474d-aa08-4afd-b0d0-9e4062e4f88c,5702.5,866.95,,2620.75,1607.1914,2130.7076,523.5162
1e779d51-8dfd-4048-bcf2-95f6e4b14ede,153,6000,100,,1184.6234,1087.7872,-96.8362
6681bb6b-fd89-410d-b605-7cd03024d961,21189.59,30843.2,29341.07,121692.73,18385.5562,18267.4997,-118.0565
0220c56a-0147-4907-b9e7-94ed95a9ec78,1249.24,269,315.27,2256.06,867.5945,843.5476,-24.0469
0ed2bda6-1dba-4467-a083-b08dc9c64e4d,11386.15,,,16701.11,3366.7615,2963.7348,-403.0267
b9760281-85e2-4de0-bd2c-4706d5541703,2955.37,2471.12,454.7,5528.56,1623.9129,1775.2138,151.3009
40d05017-8e99-41b6-b0b8-8b33aba2e3ec,367.87,760.71,543.22,1963.5,790.0639,776.6996,-13.3643
6e7cd1f6-7070-4b81-abca-9836fd8b38c6,2200,8800,4003,21481,3679.1944,3853.1344,173.94
311d7224-0dae-4e58-9571-26b6f382a957,35425,28187.5,18297.5,30512.69,12790.6485,13357.0425,566.394
b5aa37cb-8136-4756-8af6-3621b1e3b2e1,2548.1,1792.89,2915.91,2229.67,1459.5352,1396.4477,-63.0875
441c9665-e0f7-48db-8532-a8a2384923d5,2417.96,239.18,49.87,4159.39,1153.2482,1134.0477,-19.2005
39ad47f6-631d-457e-b3f7-a4d592370493,4632.81,56.82,1028.22,30575.1,3430.5529,3278.4717,-152.0812
86f64340-8d04-4950-bebb-09a370932e06,816.04,2079.23,3668.35,340.89,1161.1614,1135.4682,-25.6932
c05f5e2e-f3c5-4bef-abdf-0d7d04a183d0,3000,1962.79,3287.5,,1420.2695,1886.4912,466.2217
a9ea0d5b-ff83-42df-89a4-f3e90860609b,1585.46,1632.77,2988.91,3874.68,1419.2502,1364.9366,-54.3136
088422e1-54b6-4807-af5f-3c9ec7e4ec83,6395,866.42,206.73,2417.07,1714.712,1699.2956,-15.4164
049ecd89-7bfd-43e9-804b-a8392952450f,6250,39804.48,4675,20825,7878.533,7686.0196,-192.5134
7f9ef902-3a4f-4d3e-9283-6fba9ab09e9e,6000,3000,2500.01,,1925.1119,1815.7734,-109.3385
bd87887a-4181-40a8-95d1-64883179218c,290,2900,2600,1394.55,1160.335,1108.419,-51.916
ecb78f3d-b1a2-4afa-a58e-145cb5ac3ad3,683.08,833.01,451.22,2896.16,904.4896,1004.8785,100.3889
41022f23-5c51-48b4-9b30-9c97b5f847b5,1383.7,9681.25,,13945,2779.3732,2334.5021,-444.8711
6f86c3b3-c63d-4b68-8a3f-e059c2b2eb9b,,822.81,,1458.2,659.3871,530.969,-128.4181
18938138-1ca3-4cc8-99df-8149cc8357fa,691.78,1134.7,1174.14,2558.87,978.3389,936.1475,-42.1914
c344193c-44db-49ce-8ef8-48aa49545cff,2480.29,2133.39,1860.7,2717.05,1433.1897,1404.941,-28.2487
6eac52b8-b18a-4f3d-9242-479e5a8905df,1339.25,522,206,567.75,780.8249,778.8377,-1.9872
ea8896a1-01c7-464e-8cd9-958cf380f5e9,1357.42,366.58,,213.95,722.8465,1013.4013,290.5548
0040a903-b835-42b7-a70b-308f59f37b71,11427.78,8254.8,13910,13845.12,5310.2107,5310.2834,0.0727
229f1e5d-5e44-483e-aaf1-9cf8875a30ed,2673.5,2281.52,2345.99,1132.67,1408.0559,1441.5268,33.4709
d3e8e9ec-cc89-462d-a690-d00feb317cb0,1302.38,3721.84,,4163.54,1382.9543,1350.4036,-32.5507
215c78b7-4227-4662-8334-67aa5ee3f63d,,,5256.44,14504.99,1942.2663,1942.2663,0
b23d0a80-55dd-48c2-abdb-d5e5375a2b40,3089.69,2879.83,4548.84,9391.33,2316.0023,2283.6069,-32.3954
cabb5402-4885-41ff-a9b8-88f4674398ec,2643.9,2293.65,1341.57,600,1281.2884,1281.2884,0
64e63422-ae42-420e-aa14-ebb124a9711f,452.71,760.03,372.15,3688.84,911.0141,923.5605,12.5464
ec67bda5-5827-4eae-ae74-20882bb9a17a,12000,,414.13,53950,6146.8177,5784.9371,-361.8806
cc76bc2a-62d0-4a8e-aa15-573f1886d97e,1472.07,1535.78,941.31,218.3,955.759,1074.4031,118.6441
84843446-4943-4c75-bf58-660e6d422390,241.1,460.67,163.19,1266.38,654.2329,660.5316,6.2987
5e64b22d-3ea1-49e7-9587-f064df66734f,2188.88,1150.96,443,267,980.3575,1164.8216,184.4641
5945b115-6aab-4fd1-9eed-8d03a5d2ddb6,,,4485,4842,1188.3804,1402.3534,213.973
b1668b5e-4a88-422c-ac02-5e584c776724,9715.44,,,1.76,1925.8247,2275.5396,349.7149
b1668b5e-4a88-422c-ac02-5e584c776724,9715.44,,,1.76,1925.8247,2275.5396,349.7149
bc275ae7-575b-4a78-b117-95dd94b6b59b,924.68,1283.76,2079.13,3780.03,1194.8945,1102.6564,-92.2381
dde3c254-8a60-4580-9fbc-0bdba12b6c8c,9950.18,19110.77,14274.25,47582.45,8773.3724,9567.3265,793.9541
462b513f-76a5-4f9f-be2d-55329b197c11,16.26,1329.6,92.02,9162.48,1276.7259,1263.4507,-13.2752
1430c202-6667-4f8d-9fdb-54ae5e7c7d35,5164.3,5296.85,4046.9,11687.29,3028.3842,3017.4715,-10.9127
259dba2f-bd0a-4af3-b0c6-9a127ef90130,2247.3,946.4,1046.4,3282.31,1231.7814,1230.3614,-1.42
339ba7d2-15e3-4300-b53f-c0ddab3b747f,12624.59,1506.5,858,2021,2755.4177,2836.0687,80.651
e1fd1de4-620d-48a7-ba14-2c3a211c89fb,2607.51,3475.13,2178.96,678.71,1489.2608,1655.3201,166.0593
b63c8153-b032-4678-935f-2bbd6e7d6543,1550.01,,4027,50,1041.8183,1095.9646,54.1463
9bd4bf22-ba29-45ca-a3ef-2c097b8b1db3,1711.77,7395.66,239.12,714.75,1643.5161,1637.4002,-6.1159
949e7052-b195-4777-85df-75657cb571c8,101.29,38.1,,7087.79,984.9329,983.8341,-1.0988
448e825c-b720-4ddc-bac3-ed9b814f69e4,553.01,329.22,6446.12,827.95,1191.4456,1233.6243,42.1787
837fe1ce-08b4-4958-85bf-39d55240b1e7,20333.16,14224.44,,100,5175.4719,5175.4719,0
c4371e3e-08d8-46e3-9a4a-74163c745f87,15.56,13637.47,6805.4,48632.61,6080.5445,3967.9827,-2112.5618
63d1ed90-b25b-4904-8534-a36c2703b741,742.73,1801.15,1176.97,6088.45,1314.4783,1311.8653,-2.613
d96d6b34-e81f-401f-9ccc-5d9be6ebf006,1887.73,390,1924.19,58.2,958.7563,958.7563,0
d827141e-04d5-43fe-89ee-3e899adad8a7,501.9,475,380,1624.9,739.2574,739.2574,0
a79fc89b-b060-4eb1-9193-2f6658e15e17,,,11187.81,20498.5,2875.5432,609.2446,-2266.2986
cb8df8a8-7305-4b83-9b0c-367081ddf063,371.04,1732.52,1090.06,432.41,840.3754,832.3198,-8.0556
e8766258-85b5-4b84-b8b5-8299ec53bdfa,5895.48,,,,1349.6494,1349.6494,0
62fedad7-b699-4f57-8d39-8d0ad02b1324,1028.92,850,620,60,771.0821,771.0821,0
0a755656-ecc6-4b85-b527-e53c2e423cc7,1240.28,1576.13,989.03,4746.77,1251.9638,1251.9638,0
152f8161-3ba7-42dd-b8a0-c21574da7238,112.32,2312.5,2346.02,10.03,945.4756,945.4756,0
bd14f8fc-89cd-4a5d-bd00-21876f95b349,17245.24,11718.23,11864.95,9294.44,6088.5078,1158.1762,-4930.3316
2d0f5c3e-10a6-4e9b-8253-204dafc6924c,1125.55,900,,1511.48,841.8213,791.9813,-49.84
678a95de-f5ea-4966-b503-947bfcadcffe,1096.31,3333.12,1068.08,1706.48,1223.292,1203.0071,-20.2849
4ddad0b6-4298-4950-909f-69b373eb2b02,803.59,416.33,832.66,2969.25,912.3566,909.4792,-2.8774
7482eaa3-2163-448e-afd8-39109afa65b0,1466.04,1068.1,2332.75,3028.61,1219.8025,1219.8025,0
1a45c5dc-81c3-49df-9740-6dbc067cfcbb,706.33,916,338.61,5090.77,1064.2121,1041.6372,-22.5749
6b3cec8c-af27-485a-bb0e-f6279a4bfe3b,38.78,863.07,1402.74,1218.48,772.6071,764.4729,-8.1342
08374ca8-bcea-452f-846d-5b0bf127976a,2038.23,1670.43,1825.63,2202.55,1273.4741,1490.0363,216.5622
ccbe9fb9-25fa-4749-ac43-66ab28176e59,3103.11,5602.28,4895.05,17499.55,3239.0683,3239.0683,0
7ea2eef1-9152-4265-9f7b-298f9ca759b6,1455.96,1634.14,1390.72,4395.06,1300.4453,1300.4453,0
ff9543d1-58cc-4c26-8eed-c8132331590a,2330.35,2764.18,2323.16,3288.4,1563.5461,1520.8747,-42.6714
463d4f26-cc71-499c-8441-f8376005ee04,3000.52,,30,15327.55,2006.973,2006.973,0
1db548c4-0bd7-4394-9b0f-dac677bb1712,2463.22,1229.74,72.42,861.02,1041.4659,1040.9286,-0.5373
cb9e96a9-4017-43da-a1d0-f889d6de0031,5801.43,9330.43,12633.3,20111.49,4923.0202,4986.8563,63.8361
f430191e-669c-4258-88c2-ed9e180fd1ea,,,,2000.01,603.0117,603.0117,0
8e4fedc1-1715-4761-a33b-a5035b4cc3b4,1191.53,96.86,767.32,1153.47,799.1276,835.7554,36.6278
61fdffa4-dd3c-4be1-a4fe-35b557f4e31d,14492.99,15580.51,11142.82,36452.99,7991.1945,7991.1945,0
b6963df3-8610-478f-8e67-e3a50c8a1352,1719.46,1712.87,332.99,5229.47,1318.3464,1270.6659,-47.6805
ffdbe72f-44d0-4e62-9614-623eb8622b51,2828.09,6805.95,1.5,,1672.6217,1672.6217,0
b1fd3cca-9357-4dc0-ae64-c0c86eaa1e99,1155.15,1169.31,1175.78,3319.19,1106.4839,1082.3428,-24.1411
00f9529f-e9be-4d39-9e20-2657ac7fe82b,1200,900,900,2300.51,986.0873,977.5673,-8.52
f35d75d5-f1b8-44b8-96b4-29a0defc537d,1465.39,2191.38,1456,2900.67,1265.3472,1232.7097,-32.6375
e4007b06-86ea-4a8d-86c0-b45d2f4e9601,3768.98,78735.09,21747.7,76791.86,17439.8366,17282.0366,-157.8
98f37a52-3f4f-4d61-a374-2af066459d57,137.9,530.15,1370.74,1738.28,783.4124,807.5268,24.1144
d3fd1f3f-321d-4dec-ae5e-66d4211cf14e,,,1000,46.5,549.3218,549.3218,0
8d0d763f-fe73-482f-9474-251bc000e222,20.25,283.31,2381.62,1336.13,794.8815,794.8815,0
6573718b-32fa-4611-ab40-3ddbb12f6e1a,873.42,580.71,359.53,677.87,738.3049,735.4649,-2.84
1f94cfb8-5699-4a19-b307-ac444b029538,286.06,2981.72,191.9,1247.36,953.0396,925.9151,-27.1245
04959e57-fe8e-4121-86ea-1eb2caf29dd9,680.01,100,505.01,908.21,682.4889,637.2888,-45.2001
6316d5e7-d92f-4f6f-94ea-78d895d44101,728.33,307.72,0,821.92,664.4748,645.2624,-19.2124
c59412b0-7d7e-4263-bc36-73fdd3ebe16f,539.5,1209,256.94,2443.16,877.3819,908.3583,30.9764
4d6e056f-9528-4e23-b26d-47c3770d5882,1356.95,80.35,5403.38,380.49,1163.051,1141.0384,-22.0126
0e08399b-693e-4f6d-ae9c-d0ea19267b79,235.63,537.22,610.69,1186.86,694.7966,735.1487,40.3521
2c2b5226-e571-4a67-9b58-9dd188c60644,93.36,238.8,1293.32,687.7,661.661,642.444,-19.217
f18bc946-1af4-4379-86ec-2c4225d15a99,16751.2,5000,2175.86,1331.8,3844.3346,3169.3305,-675.0041
f7f0f9e9-9077-40dd-870c-b443eacbda0d,37.48,103.62,,2234.62,637.3257,511.4452,-125.8805
be43bf28-5eab-4f49-8bd5-6ba45696a65e,2717.66,49.08,1418.86,905.51,1061.7409,902.9905,-158.7504
bbdf7e92-51d4-4686-9685-70f1ba08d615,863.44,1000,800,1830.15,904.8444,883.9257,-20.9187
726e8676-02a8-4e3b-9d82-3bfceea0cb06,153.26,500,,1555.69,652.1877,862.9426,210.7549
f42fe774-6e0b-44e4-ae6c-cc57592bc360,319.3,,,5312.75,887.0292,497.6718,-389.3574
1e5f0ccd-7d19-4125-a009-f17e2ea1d926,12305.78,19653.47,15356.35,52752.47,9651.7412,9573.5,-78.2412
7e5836ab-9bb6-4a5c-aae9-e47ec698208e,6954.34,670.54,1165.63,17001.39,2896.7496,4072.187,1175.4374
c32e6db0-0565-40b9-9ce5-50522ca1c2a8,135.59,335.51,719.44,1435.68,683.4364,739.8982,56.4618
a46f0b3f-41cf-43ea-91cf-4a75382d3933,7873.3,11594.18,2033.29,22749.94,4779.3117,4433.6766,-345.6351
91597c57-d456-4113-b500-f85a8a893b6d,17040,25520,17040,44488.01,10598.0133,12779.2846,2181.2713
8b3423c4-d15d-47e3-802d-4775c79ecd39,2062.43,434.58,818.2,2369.46,1060.3558,1152.9862,92.6304
d5644680-fa70-42d0-9645-f66faaa8c40e,3203.49,1763.08,0.01,645,1193.0816,1217.643,24.5614
051edcf8-c1b6-4478-bbac-6107aa0e87f8,300,300,800,800,665.751,651.511,-14.24
bd3f3020-64f3-4acc-8e6c-12b8418f043c,1724.78,1872.29,1450.48,3104.88,1281.7085,1401.902,120.1935
1fdda98a-5fe3-44f1-931f-9d2f623bf2d8,,767.25,772,30112.9,2759.1189,2062.3816,-696.7373
5e1825fc-ece9-4e6e-9409-1771c0af2800,3075,,22917.34,112918.01,10921.2241,14167.5939,3246.3698
4f83d002-9c70-40fa-b094-41080ebfb9c3,557.89,2604.47,2739.77,764.99,1133.7403,964.2666,-169.4737
42e7e6f2-8ade-42d4-a647-6319b7ea53be,3111.21,1114.02,404.58,4809.48,1435.3255,2807.1356,1371.8101
0825c998-992c-4e3d-8eb0-1952a7656f80,728.87,1142.12,860.48,2358.56,943.7397,901.2474,-42.4923
1cfe15ec-12bf-45ae-935f-77505235203e,3988,,2586,1504.01,1389.9313,1720.9601,331.0288
2a67dacb-396b-4d57-b6f3-ee6bab278dd3,1653,1951,,70,940.0128,999.513,59.5002
c7f2c324-6d71-412b-a61e-fe94e05aa9dd,7923.11,1378.67,1352,25551.76,3749.2606,4286.8822,537.6216
33e668c1-98a6-4eac-9540-fbc8767c126b,53.31,1234.4,139.43,1521.31,731.3245,600.3852,-130.9393
29c9d336-1c14-4fd3-9f24-3acbd41ad018,449.55,1837,,191.4,754.0206,740.6866,-13.334
d088d9a1-67d1-4b5d-aeef-0f48d3ff33ac,12422.68,199.75,2559.32,2389.62,2745.7092,2373.194,-372.5152
b8edbb42-4558-4168-a769-94946e9fc682,4481.5,3474.5,427.72,1321.03,1667.9631,2492.881,824.9179
92550303-5394-48c5-ad1d-56c239cecaaf,,299.32,872.88,869.67,631.617,586.5936,-45.0234
3f77ce64-8a4b-4670-9ee8-5513bbc80280,547176.77,476573.58,418679.84,1180185.58,257755.9307,270687.9897,12932.059
50ad0281-b1cf-479c-a9aa-2c1b48d77e72,1033.2,3257.41,3042.24,11216.15,2050.7199,1629.6693,-421.0506
4acc54e5-6f8e-4900-8884-d2f35af6696f,755.84,551.49,167.33,2232.8,811.499,756.7794,-54.7196
6ad8667b-e400-47ed-9ff4-ee7901cdefb1,1395.44,516.9,6,825.06,789.9503,797.5235,7.5732
ecc9f29b-eb25-464e-a44c-c1dd7ba48164,,7150,,210,1300.673,3215.564,1914.891
3fd3aac2-d227-451a-ad63-e7453d62c65a,,350.01,1102.23,4668.21,927.5091,837.7559,-89.7532
6d36431e-90e5-404b-9372-e98a10ccbcc3,5272.99,,,20.15,1257.2126,1076.5026,-180.71
d3c3815b-48c5-44b2-855e-de1e9eccd876,2458.07,1730.01,,173.11,1043.2565,1353.2313,309.9748
c2f29a7e-77e2-43f9-8f86-bc4b868e26db,2075.14,1901.86,1538.56,3496.24,1373.3421,1392.9254,19.5833
2c084a71-f109-4e04-bb92-656fae959041,1377.17,758.59,,633.72,800.9504,848.7074,47.757
940dd82a-cf59-49e0-8600-dcf8c12d6d0b,3616.07,2870,390.39,58.96,1374.6496,1744.7932,370.1436
df58cb10-aa1f-48b5-9e80-f12f70f15eb2,9659.95,3750.2,,17344.92,3585.0628,2878.3523,-706.7105
20f9a279-3e2d-42cc-9ba2-c62190b0b06f,913.49,2992.05,300,2080.67,1117.4116,1193.5002,76.0886
882c5efc-8146-48a2-824d-21e421c40d9b,183.58,0,33.16,0,491.1267,491.1267,0
b998f931-0ece-41bd-999a-1cfede8f43f3,,250.46,150,3645.38,761.8751,762.8391,0.964
55232774-d3e2-4f1d-a0cc-c46a70c46a58,2003,,1701,605.25,951.0226,871.7026,-79.32
26aac60f-e694-4f01-b484-70f6895f44bc,2951.35,,,5.74,906.0833,802.3896,-103.6937
2159ac95-f53a-4d0f-99be-9cb2910b087d,500,,79.13,2136.43,694.8825,827.9825,133.1
5e9e6395-9cf8-4575-81d2-0bc38b4b828a,,1170,2500,95.24,815.9101,986.7275,170.8174
c9ea66eb-c523-4d0b-9741-ac0f7b7854b9,9000,,,56150,5815.691,5497.091,-318.6
135aa099-919e-4b88-a027-8e00844964d5,20832.34,23415.84,23942.87,17115.32,9567.6477,8238.6876,-1328.9601
78763793-b513-4102-9021-8d12751ff0b6,7683.09,5633.13,4481.85,18816.78,3991.7889,3882.6839,-109.105
679dc28c-cf0a-415a-875d-3998bdc17450,16344.89,21924.53,4584.57,36876.27,8472.6239,12728.6618,4256.0379
8a561f82-93b1-4f83-a9e0-45ae313aee19,1771.93,176.57,10.79,439.5,780.4081,793.1349,12.7268
e1126e79-76e2-4e6b-8e1d-ae4cc6ea83d1,,62.4,103.19,3283.75,710.4274,707.7125,-2.7149
b9eb8914-4883-40a3-87aa-6bd9a12ab6e6,22471.48,1278.78,,4772.36,4336.6734,4107.1126,-229.5608
653652e5-7342-47c0-9cb7-b35ca78aacb3,,,5739.56,27866.57,2934.8692,2490.4233,-444.4459
03ccf2b5-daf9-4d16-9e8e-adb1dea16c31,1156.75,1007.26,483.4,781.23,848.1926,929.2576,81.065
47d774aa-bb0b-486e-a5aa-b43ba51bd1c2,1346.26,2124.31,,,908.7724,861.221,-47.5514
58d0c85c-958f-425f-ba18-398c5b337507,1689.6,3296.79,3023.26,7652.81,1898.9187,1781.4817,-117.437
0884a02f-ce50-480e-9bd1-50c5da8c84dd,17156.53,2000,1451.04,45450,6638.5745,6102.8578,-535.7167
822a79cf-5a5c-456a-a9b8-6baa14064f87,864.84,231.45,144.76,275.75,649.7341,646.2656,-3.4685
bdd24523-fedf-4383-8b67-3d0c523f7191,880.4,1980.39,1239.52,2393.55,1098.1881,1099.219,1.0309
2fc8984f-acf3-4c78-9a38-438a1d6fff59,1560,3791.85,2200,18236.2,2619.7359,2359.3759,-260.36
3dacc6a8-601b-484a-9283-4ae390d69f10,517.93,16546.23,4747.19,20657.56,4324.3781,3828.5002,-495.8779
8ecf50d5-5fc1-4b02-b5b8-4511542d5cf5,41490.76,49599.86,44988.67,106523.61,23867.7549,24070.2251,202.4702
87418907-b931-4960-92d9-f5ed4b7c4567,205,1623.42,644.95,498.96,769.4724,755.6289,-13.8435
5db0ec3e-2bd1-40a3-add3-f14478769463,1072.82,169.62,1112.12,1500.13,843.7507,819.7469,-24.0038
aa93bf02-e7d5-4267-9d7c-1842f2d7d9ae,1667.51,940.1,3.75,2980.5,1033.0909,923.1898,-109.9011
0b2b4b19-ab73-4a19-8d50-e77a46398337,774.76,163.5,1213.2,2136.45,852.0352,811.8672,-40.168
667ca3cf-84c2-42e4-9345-70367d8ecfda,383.57,633.52,100.67,1784.41,727.2088,743.6752,16.4664
6403d520-7092-4c2d-acb9-f9159e25ef12,1698.89,1648.93,,179.22,919.8506,877.521,-42.3296
2d667cd5-f2cb-4807-8297-47a57d332467,2082.36,1506.4,375,395.98,1008.6882,980.1937,-28.4945
e44d58dd-6f16-4364-a4ba-f3be1987c66f,1224.1,1066.44,534.63,,813.9299,860.0033,46.0734
6296b2ff-8582-4b0f-8191-299e8a055e99,128.43,393.99,1.18,960.04,593.9003,582.1771,-11.7232
88aff931-e9ce-4cc3-99e9-afe788e2476e,810.36,838,705.28,2151.94,892.9675,839.2742,-53.6933
4d091d44-519d-4735-9752-31e679c79cd9,2044.31,6494.83,8559.33,4256.39,2552.4181,2267.0518,-285.3663
b06df58e-8c3a-41e3-af7a-65c14a46f5f3,,,1147.86,1016.13,630.9867,623.8667,-7.12
6aed68b9-290c-4c31-ac9b-a11d0467f0ef,5130.8,5235.62,5981.04,20389.4,3801.0323,4188.1411,387.1088
44a2ce8d-abfb-485e-9e83-44f945feb208,26304.13,32547.96,24079.54,66184.3,14952.0233,15142.4377,190.4144
2fa543df-7882-4807-8cf8-e8c6a4388db2,2052,1340,688,4544.41,1307.0058,1371.6546,64.6488
43e17a56-21a9-4b1f-9fcc-4cae47e8cf7e,4893.72,7211.59,9522.05,14708,3891.1941,3171.2182,-719.9759
7adc7c5f-0dc7-460c-80bc-39d55153a9e7,,290.58,261.95,3529.87,767.8412,776.4962,8.655
ed41ba14-9a50-428a-b057-d9a0c530e8fd,404.87,331.42,123.97,1054.36,645.5687,642.0379,-3.5308
8f134f65-e3a4-4b6c-9d68-49136756faf6,434.4,9.58,724.46,1408.11,689.3504,833.5742,144.2238
620cc040-eec2-4cb3-921c-015dcb5468c1,2627.88,6.5,,1271.43,948.1712,922.8875,-25.2837
05726e1d-c119-440e-8850-867479abee0f,1002.96,1500,,4579.22,1110.9978,1242.7968,131.799
2b42c53c-5ade-452d-ac3c-0ac41fe7050b,1138.2,542.92,420.22,2058.71,877.3715,854.7271,-22.6444
5b61f6f1-9243-4743-ac08-d33b977c0618,50.29,,,36919.46,3096.8603,2433.7908,-663.0695
aad6bb34-8a58-4500-ad42-062f1291f92c,21.01,157.39,550,767.66,583.5695,564.1519,-19.4176
3863a619-c1c1-453b-95e6-8b54844dab6a,87232.08,24390.15,25591.8,247592.09,36243.9285,31399.931,-4843.9975
277be8ff-fae2-410f-8d71-34edc17656d3,681.97,1564.05,1205.64,1497.88,953.5542,991.1987,37.6445
af5b03b0-ebb3-45b0-b50d-84a6ae137735,4500,,5750,55250,5564.061,6990.411,1426.35
86760421-0482-4602-843f-dcdfc5cb4b83,620,2100,,3365.35,1036.0599,1183.8599,147.8
59e12e6e-5e4a-4997-9015-6c82b62013db,200.26,50,,1032.91,570.1234,563.0434,-7.08
33587665-f362-4667-b680-323c83369fab,160,1352.97,1006.76,828.61,785.8461,727.1465,-58.6996
6c0ebf10-4cfe-44e6-8291-b12b1cdf63c3,54802.32,39759.58,34032.32,54008.95,20064.8538,20803.1588,738.305
26d4fa97-e4f8-4159-bd9a-c9e9701e8ce4,50,16102.14,100,840.22,2394.7016,1962.2938,-432.4078
d058e356-0ede-4613-bbcc-60eb126e416b,15161.68,,14986.58,,4026.8463,7016.5774,2989.7311
969f5ec5-8295-4d55-b9a6-5ab0ea748c0a,284.7,750.2,1705.62,1146.74,817.4247,805.0157,-12.409
d4c2ba60-6b51-4643-a989-2ed10f3079fe,1760,3520,1980,2961.21,1512.1572,1723.4012,211.244
de758ea1-422b-4dfb-a1f2-19929b3f77a7,,,1250,4485,886.693,898.003,11.31
0fd98cd0-f974-4f3f-9f4d-eae1a23b717b,12892.3,6757.73,5253.61,82097.34,9478.6008,9478.2799,-0.3209
703e55aa-19b1-4656-9b35-b72a47d1e509,1328.52,,200,1701,799.143,799.143,0
15ef8ea8-11f1-43cb-87a8-fec825e139d0,4025.44,3060.86,2339.21,7810.4,2176.7396,2112.0088,-64.7308
ff7a98e9-9aff-4b1c-9cce-60e47b2b318a,1575,,23000,11639.64,3491.0634,3825.0854,334.022
6a6e3078-ca23-4b3c-8808-950453ec9d86,33.21,7460,7654.83,,1980.2256,1980.2256,0
ea7e2ccc-b844-42f3-b3d8-a93f78c47e8b,481.14,1064.01,438.05,1083.67,770.5204,765.0947,-5.4257
b8530c87-11f6-4851-9345-26f50c51b2b8,1228.09,1779.83,4550,,1239.7694,1239.7694,0
e6f5f2d9-2e41-4125-bfe0-7ddbd079b747,40,1096.6,27.86,0.01,595.5706,595.5706,0
e9b45479-d38e-452a-a463-0d61179e4094,3530.9,6293.88,3159.93,10543.87,2739.966,2739.966,0
1291cc1e-a101-4153-826b-b6361c806a55,65207.5,63800,54415,58038.75,26435.822,26309.578,-126.244
32196943-1c51-45d7-8df0-718a8ba7d0e6,2076.81,8816.45,6410.03,26767.7,4244.4891,4234.7635,-9.7256
88b9670b-9fe6-45e2-bff2-40d0be859cd6,899.14,50,378,1181.37,718.3661,802.2385,83.8724
e263d045-e985-40e9-a03e-583a27a6f36b,188.41,,316.35,3070.21,734.6385,734.6385,0
ef7ceb39-883c-416f-a620-b485f924b9e3,1000,2200.05,,3460,1111.6488,1111.6488,0
41c46b53-5d40-4d8b-a342-3e44b2de6312,354.37,529.32,1058.82,1815.4,794.8132,791.9035,-2.9097
fdcae75c-b565-42fd-8992-2d63939c9687,956,1300,2275.15,10663.5,1708.3348,1708.3348,0
b07e5fc9-4a50-4239-921b-a5eafee798f0,657.84,1820.96,1124.74,2078.94,1014.0254,1014.0254,0
c40e8435-fd1a-4b11-b949-02737832d465,157.16,426.85,4547.68,57.18,926.0123,930.8713,4.859
f5b512a0-2a52-4b1b-90db-741107b7310a,1018.6,822.7,1100.74,5515.42,1195.8566,1186.2036,-9.653
f6ea08ef-d8ef-4d8c-908a-e84237a6f1e5,27,,,9427.2,1135.8992,1135.8992,0
88c38f56-c59b-4aca-a9ba-3b53f32402a4,2931.99,6977.55,5360.94,26675.25,4065.0664,3922.2034,-142.863
87866f29-8a65-41e0-ab81-e915d00e34b7,1820.27,391.87,507.01,584.48,865.2431,863.882,-1.3611
7ddb11c0-8ec3-4495-b381-7bbab7001724,,257.42,,16700.01,1679.358,1679.358,0
4938021e-0d1b-4920-bf0b-3a0c0293bc41,,1318,778.63,,679.2032,668.4964,-10.7068
f8c28156-353f-4afa-8d16-3032e5a28e21,,,1258.84,750.32,621.5387,621.5387,0
296baade-6f56-4791-9482-f92d40551ea3,6614.22,6591.94,6046.05,817.57,2793.2889,818.2158,-1975.0731
8c8819e1-f8dd-4073-b76c-89740e0ee613,9900,64700,42709.16,217709,28568.1541,30440.5682,1872.4141
3e57e121-4815-4b5e-8528-8eb3dc870fcd,29.98,628.48,1424.89,1336.34,754.4916,754.4916,0
fac7a2f0-53ec-4bca-9985-fd33d2be165a,15493.5,5812.65,29904.16,25405.56,7830.5017,7756.2944,-74.2073
a8de4dd8-951d-44e4-a672-cf2b72595474,1203.4,1965.55,764.74,4926.21,1284.9631,1254.9343,-30.0288
2c2b982b-cbec-41ab-af08-6a12994e26f8,1508.05,939.2,415.95,303.85,853.5649,1171.0896,317.5247
20ca242a-8260-42af-8095-a9dfa0720c47,991.23,419,614,2539.55,891.6926,880.9412,-10.7514
a3e01cb9-555a-462d-9105-bb26ab650b09,6.99,440.24,,1689.65,632.7719,619.5719,-13.2
728ee440-483d-4a64-836b-726bd2bc5f07,783,1737.48,1160.03,638.62,923.7289,920.7791,-2.9498
f223a481-28a3-4fbf-a9ee-b4bc1d81c8b6,1254.73,3350.35,4440.55,538.79,1454.0395,1454.0395,0
29b73192-ab5b-4e14-a6fb-774399ee37c9,316.81,232.8,391.94,1156.78,651.0855,651.0855,0
b9c90e1f-a331-428a-bd30-14c33ebb1bdc,855.48,173.17,491.95,888.33,714.8628,714.8628,0
e9dc433e-93a1-4484-90fb-35ae58704d86,3878.03,,140.07,1284.93,1148.8669,1201.374,52.5071
0a57fa4f-7b07-45ab-889c-1768b0d43990,1501.5,1221,2194.5,8287.11,1605.3931,1605.3931,0
4bf3518c-cad8-4390-a18c-b31b343d588a,7780.74,14470.06,5846.26,7679.13,4349.8162,6009.9343,1660.1181
caefb73a-d4c9-430e-ae03-32ffaa449ca6,4315.58,7821.07,12103.79,55615.7,7007.4534,7828.8021,821.3487
d8ac0ec5-8989-4840-9260-1a11dff93516,2796.2,2598.2,1930.5,7618.25,1889.3943,2114.9877,225.5934
8952fb95-5e3a-4c38-afdd-c934ffab69a6,938.84,1243.19,121.53,4190.63,1054.4037,985.3146,-69.0891
f0e63d73-e962-46ff-b74d-5dd235961c70,,2500,,,749.111,674.111,-75
4ff27e74-774a-4f5b-bd4e-f00cc79052bb,19737.87,17163.81,10784.02,516.99,6375.5505,9414.1935,3038.643
3f425777-270a-40e2-93e9-f1329e33add5,4038.44,10038.44,5048.05,75576.88,8040.2211,4466.9022,-3573.3189
68462c63-190b-41a1-a925-1cb89f9f6017,1105.48,533.09,1000.64,2187.09,930.0114,1550.1944,620.183
f71d2006-b366-4151-9980-9618ffca636a,,1512.08,1371,14795.94,1805.6594,1594.2042,-211.4552
b4645f88-aedb-4b1f-8628-d78743e8f0ef,124898.76,,7,9011.5,19937.5606,15516.0451,-4421.5155
bb055bd7-73aa-4425-81b5-59139bc60a2d,0,0,0,4612.38,789.0125,462.2912,-326.7213
04e9ea8b-9b1a-4c9a-8c13-19046a17ff9b,67.66,,13.04,2166.16,626.1583,608.013,-18.1453
b733241c-c394-4a88-a1f8-af964f7235ed,3327.36,463.17,1.5,426.23,1046.3024,1000.1005,-46.2019
bad99754-af6d-4b79-840c-97fba931798a,12479.82,12730.21,10825.77,88201.24,11016.0831,9348.0223,-1668.0608
cf1df048-c0a3-415c-ad8a-2d3c88755d65,109.75,200.15,115.97,526.56,547.6535,520.574,-27.0795
2ae45ec3-3484-4952-9264-ad45a41e42bf,554.32,982.5,,637.12,702.9459,974.0614,271.1155
6efdcf41-c58b-493f-9a26-a546d2dedf0f,222.32,2104.96,380,2785.04,967.7961,919.9826,-47.8135
dcb6474a-f4d6-445e-98dc-e7a8ae9e6002,176.85,474.05,356.82,957.62,640.6403,567.0923,-73.548
cfa958bf-ae5c-4392-81a2-3b6b844cbf42,10008.6,11117.5,11,20918.32,4743.1912,5366.3144,623.1232
4be560cb-e882-4234-abcf-3feb4e1c11ee,1536.49,765,,72332.84,5930.6929,4026.5583,-1904.1346
c9bc9607-eb2c-4bc2-8748-8b1181d8aed2,3095.34,706.72,1000.98,2382.78,1264.0814,1041.5162,-222.5652
479d088f-f58c-4f32-a3b6-0b1f4b758d01,1907,975,850.01,15000.89,2001.3558,1834.6604,-166.6954
9f72bcbf-36f3-4886-b58b-d1d3687ba7ce,2864.24,,652.81,2271.77,1110.0384,970.5828,-139.4556
33a7f007-965e-4a43-810a-90fe3279afbd,779.16,672.04,,757.75,709.6135,722.3162,12.7027
14f45813-1510-4a4c-bcb5-d55584221d99,2306.25,66.19,8052.15,9477.78,2178.5034,2369.3839,190.8805
48563abd-8721-442e-8abd-9e43f768131f,850,475,325,2200,828.001,1143.114,315.113
d01711d5-2649-48dd-a41d-520541b38e16,21109.74,29335.47,5644.07,38546.06,10255.7561,12360.8582,2105.1021
b159fdd8-ac59-4f72-8380-aceeddecbc05,394.43,286.35,421.33,1358.57,685.8476,640.3836,-45.464
34cc16de-df6d-4c83-ace6-e6830e1c5e52,2994.34,,161.08,723.72,977.4426,895.7696,-81.673
e0e93fe9-c5bc-44ad-8fc3-bf6c38a0594a,317.65,308.83,605.26,1337.28,691.0551,697.988,6.9329
1f15d537-4dca-4d2e-a3d8-0ba46c0faeed,,939.45,1008.8,930.64,721.4366,687.8201,-33.6165
4c1eb7ee-9c00-482d-8206-29e120d36ce2,49.05,0,,,468.0077,466.2714,-1.7363
03e72ca6-3478-445a-b987-088cdbed7c54,0.15,1727.06,,3450.12,905.5849,1042.6556,137.0707
ca8f5efa-1036-4ec1-8079-51983672401c,6188,5883.85,5833.42,11941.58,3421.1723,4652.745,1231.5727
c8d70ebc-2085-41e5-a027-88a343c0b02b,,,,3005.18,674.5798,,
ffa6bc0b-f7b2-4ae9-8ea0-f37b070a5451,9151.38,10627.32,,2751,3262.903,3040.5553,-222.3477
c6036c61-beb7-4dd9-ab9f-28536177ae7a,3997.24,,1149.85,1891.59,1296.2732,1253.9435,-42.3297
d84cb1cd-cb52-4e35-bd00-0d8c103e9887,2218.52,5010.26,146.91,573.01,1426.6922,1901.4981,474.8059
ce76ed96-a100-46f1-9aaa-2bca61d2fde3,29399.4,1550,,18.39,5074.2199,10195.8932,5121.6733
7937c386-4c2b-4de0-a32f-beda4f95b91a,97.18,196.8,1781.86,2846.11,852.7903,880.3353,27.545
01562777-1320-4031-9492-3f53f3a4ca86,4364.89,2629.66,,,1422.2992,1384.6805,-37.6187
1561d8cf-8ed4-44f9-8880-34c51392b63c,503.2,282.67,714.5,2184.01,785.6335,694.3599,-91.2736
2c5ea9bb-9ed0-49bd-84a7-f00ae27496ff,1438.59,2284.41,1490.66,5383.93,1451.8095,1440.5327,-11.2768
dcdd423e-e035-4e0c-b776-da75a4bbdf69,159955.19,149936.83,164785.53,526514.46,93445.0776,94370.9999,925.9223
c42a4d68-9d69-4a79-a43f-f3a277279fd3,2638.07,,,2099.02,1007.8822,1233.8877,226.0055
93e06c31-1644-4a01-aee5-87cdf9eb772c,932.02,1581.15,466.05,,823.425,849.2632,25.8382
7dc4c6fd-4917-49d9-a9aa-443d97d832e2,203.64,5253.35,185,3182.2,1339.9281,1656.8369,316.9088
98f54722-278f-44c0-917a-1d687e67b7b1,492.88,558.42,140.73,791.69,667.7656,783.1313,115.3657
4f61ae9c-fce6-4603-b369-602649252a41,,7000,,110,1276.243,1102.4621,-173.7809
63777c1d-e581-4d3f-93e0-8ffaa1a441a6,11648.42,800.09,77.27,1963.34,2455.9118,2125.9567,-329.9551
f2339f67-1cb9-40bf-abe9-b3f73d61961c,1925,3760.4,4224.82,185000,14717.6508,15187.7188,470.068
ce35324d-7de1-4fe1-a5d9-5af9bba0c4d9,6440.04,4000,5864,989.71,2464.622,2478.731,14.109
7c9c6813-c34a-4b0d-94a8-be861d002b8c,10608.34,518.89,518.45,1846.89,2296.0028,2268.3458,-27.657
27daa153-fa76-41a1-8960-c2a816bd9a96,2925.13,1474,1000,95.83,1164.0433,1114.4233,-49.62
4f21f8ed-295d-454e-a6f3-c2226fe4dc47,2462.52,2366.33,3234.74,7836.37,1939.2298,1774.0383,-165.1915
df09cd91-cf5c-406c-af1f-2619997fcbe3,606.13,725.98,396.98,1460.86,773.7088,809.972,36.2632
f644fc95-0ce3-4bd7-b278-f4e7c59f05f6,200,695.53,4976.11,10422.03,1738.0435,1653.37,-84.6735
7c5d2806-d885-4971-81c0-bb3660126aeb,2394.89,1227.51,1373.35,1217.32,1167.3723,1127.5777,-39.7946
2b947d71-3d0a-4d42-9989-da6fdc233020,1257.23,232.78,,1467.26,781.533,762.4878,-19.0452
e9a1180c-0134-4ae1-9e90-94a6652f23ca,1694.5,739.47,1129.94,2763.19,1094.7124,1088.3158,-6.3966
6fb0b96e-2b0a-4dc2-a3b6-561244b8c3c2,532.21,1332.28,941.11,2822.21,975.9255,975.9255,0
be2075b2-4e2e-4c86-8693-f7961ef58fb6,2358.2,2119.62,664.75,1742.71,1241.6823,1256.3674,14.6851
c7089ce3-2909-4914-9dfd-5fe0b0ad6b19,11701.63,1794.72,767.83,2182.43,2653.2892,3399.9269,746.6377
1698b45d-6c20-4716-9c2e-6069ae77739f,974,50.99,985.29,1780.59,824.2962,1234.6737,410.3775
3b15ad9c-d41f-4575-ac2b-30c396ae23e1,1460,1305,,30,833.512,901.443,67.931
e9e6c1c0-d127-4758-9401-e2ca7bc4df84,,2381.62,,1754.46,860.3675,736.0028,-124.3647
defba969-2db0-4405-9111-3b4996422255,140.04,1168.9,43.92,693.04,669.7153,660.1439,-9.5714
b26f7cb6-4a24-4dd7-b996-5f09aa5babaa,2.99,4005.61,2000,6330,1544.8053,1615.527,70.7217
7a7a3b54-1b70-485e-ad0f-dea50f06e528,7008.6,10798.45,2858.71,0,3007.7828,3141.6862,133.9034
55a9d2bb-4477-402c-9025-323407e83dda,287.08,1424.08,1289.86,1904.21,913.9753,873.5214,-40.4539
e5a298c7-5255-41c8-bacc-e91d3a8b2113,525.56,648.1,688.51,581.01,714.8229,677.2816,-37.5413
9f073cad-7e7e-456a-989c-da8679b12f0b,596.21,48.62,19.45,637.5,603.1812,601.7226,-1.4586
423fd0ad-81b1-4750-ac9a-613f32af7cb8,275,608.4,1525,7349.69,1225.8233,1432.4234,206.6001
8898e047-6091-4f08-9186-b71a9684e027,964.1,482.9,824.9,3184.57,958.9118,1065.5566,106.6448
13f02722-0e73-43cf-8b35-c457bf8711ee,2332,2552,3332,7316,1912.2294,2062.3718,150.1424
e23e2fff-1752-4c4f-8030-c20d2d55f32f,1124.46,1951.95,2891.21,6825.19,1588.2975,1575.6367,-12.6608
2d58d7c6-b224-40ca-b500-cc048fe1afc1,558.71,507.93,561.72,1458.66,755.3071,755.3071,0
1f1052de-9a6a-4467-9b35-7a14da5f5dcb,282.79,450.27,1659.58,1920.6,833.6917,843.5979,9.9062
1d33168f-8ef4-4237-ac64-f6e1f3fe64ad,,942.62,761.39,9093.1,1281.8408,1111.1622,-170.6786
f22d52c3-ed29-4134-81cd-c608f1bf6de0,1749.36,851.75,592.12,5696.98,1278.8985,1286.3219,7.4234
9091bc29-79ed-4054-9e63-ea70f0ab9d53,,334.14,23.97,2006.27,644.0642,605.6874,-38.3768
f2decd47-ca80-4e6c-9689-544892fa00f1,0,1800,175,,683.276,720.976,37.7
27b6b156-6827-46c1-a82c-93ddaccbd793,706.28,773,1085.09,3063.87,967.1365,968.8912,1.7547
b9f7314f-3ba5-49ed-a655-f6153f03d913,5250,7075,,,2068.766,1951.946,-116.82
f87bf7ba-0374-44a7-92ef-6d4e79353992,9820.3,19203.99,19209,69135.44,10720.5446,9272.8646,-1447.68
d6374c36-04d3-4cf0-bebc-820f76839af2,1907.07,2431.32,2299.16,19358.6,2603.4521,2603.4521,0
d5d6369d-71fc-491c-b9a5-d483ed496d3e,3088,3174.5,4419.75,12609.75,2567.8795,2465.7076,-102.1719
1d83eb7f-a573-499c-a882-594db64f9e4e,5000.18,,,,1214.6381,1214.6381,0
5589b281-df66-4e9e-815f-0d834dfc4579,4454.19,4603.93,1664.74,6528.74,2270.6115,2377.5808,106.9693
ba372e13-2f08-4574-849c-c74de9f8c79f,580.41,1433.51,2147.56,730.35,948.9664,906.7651,-42.2013
576b94c1-778d-41f7-a8bd-eb0cf559ecff,3412.05,1259.77,2272.25,4890.58,1662.785,1634.4203,-28.3647
2ede3fa8-9f15-4d6d-95bd-ec667ae6b94a,4761.74,4057.76,5299.08,6163.53,2538.3317,2554.7595,16.4278
1561eb2c-8b24-4e79-a8e1-3c6672599d2e,25760,29280,24640,60280.02,14120.3244,12311.299,-1809.0254
ecea7d5b-160c-4f55-9cd4-06ee115d96cf,1246,1300,2295,3716.85,1259.1605,1369.7814,110.6209
3c9f49f3-c62a-4178-8a9b-94e989c0b35e,1171.12,7571,9835.07,11044.63,3137.2019,2867.3528,-269.8491
93464657-b247-4f08-8064-7bd9accc4381,50,50,400,2103.13,657.8239,717.8447,60.0208
0af53b66-3d6c-433a-b30f-12bdcfed5f98,1853.6,254.29,309.75,4409.98,1109.9222,1130.5945,20.6723
a7a12327-289a-43a6-a249-1267b0e3f3d1,1020.22,437.5,,434.04,695.8513,646.6105,-49.2408
2e22706b-355f-41de-917f-e86de0ea626a,,4149,10064,64253.5,6373.7204,11170.1332,4796.4128
8c23c695-7674-4414-a048-88f901ac3ffe,7350,24591.25,883,623,4526.5871,4311.0376,-215.5495
7f1fa547-b344-4e49-ae69-801629fd9435,723.62,2728.02,3623.25,966.02,1262.7526,1214.8658,-47.8868
dbcbb6ba-d823-4139-8758-44770df0c37e,973.95,2487.66,4626.12,9851.2,1991.0347,1517.7804,-473.2543
fdf9a9d5-5b42-4a8d-8455-f00a8570f488,700.1,1866.62,792.3,2037.54,994.3293,998.4669,4.1376
3e64e56e-e211-4b46-b9ad-87deec9dd8b5,316.08,802.36,923.93,3063.56,897.8973,841.7127,-56.1846
64c91b37-8027-487b-b0bd-0220f893199e,6509.27,1968.77,,,1669.405,1796.6991,127.2941
f37236fa-059d-4975-a0c7-dfdc9e27f9d5,1080.16,1842.03,3121.73,,1102.6651,1142.0345,39.3694
869e6078-0ebe-41fa-8ae5-a576ac980a57,51853.24,6715,9200.5,70191.13,14838.3217,14091.8237,-746.498
7851ccf5-9cf7-4737-b8b3-b3c9d374450c,86585.38,96887.57,71481.71,294027.82,51737.8307,51921.5074,183.6767
26596532-11bf-464b-afaf-7102ca7fec7f,1108.8,1081.32,1660.42,4285.65,1199.5405,1191.3116,-8.2289
5a30e5e2-d1cc-456c-8b44-86ea3c91159a,10996.07,3589.94,2815.65,79629.91,8443.2035,8389.6287,-53.5748
aed85d79-d575-4204-8b7c-7ac0e8290df8,5923.34,141.07,,,1370.1302,1523.1476,153.0174
aebeb68c-7fd5-4a09-bc44-d26927edc73a,8103.23,8705.34,8720.53,40085.31,6285.9817,6291.8923,5.9106
55af080f-3b83-406c-9899-750efa629649,2149.87,3186.72,4050.48,,1498.4699,1654.8507,156.3808
5af77e46-677b-4c3f-98a9-62b5ef9c8b91,2604.61,4652.9,1756.27,9639.82,2226.6715,2413.5233,186.8518
7b8dd3c9-4722-4b52-8594-288cbe9c748f,1054.9,475,,,674.5049,667.4249,-7.08
cb814bfa-2f54-45ce-a77f-29ae1ae71e31,,,,5000,816.611,816.611,0
ff3a78bf-30ce-4c5d-a5ba-9e7fa540a288,4034.85,1909.4,536.15,1651.42,1452.7795,1542.0859,89.3064
f4042941-5432-493c-81f2-a287b6b0df61,,16.5,1810.52,1382.38,715.559,709.8033,-5.7557
a3026d62-f0a6-454f-9620-1fb69128a82c,840.92,840.92,840.92,12880.45,1673.3665,1673.3665,0
45dec521-808b-41ae-aa51-f782f0dca756,538.47,386.31,1117.44,2468.43,857.574,826.5753,-30.9987
b0674b34-a518-44de-a53b-082f4bbe8e95,500,1503,750,1303.5,866.3164,847.7664,-18.55
940158c3-e3e4-47d8-bb53-6248b88bf0a9,1294.61,664.72,1539.58,1244.47,952.6333,952.6333,0
fd605da3-6657-4e9b-9dca-dae55c65f944,3771.98,5393.74,3266.96,9900.39,2635.7693,2572.3666,-63.4027
1f23fff6-6d1f-4e65-8606-fd2978f24304,3136.9,3338.45,51.7,675.65,1371.4341,1477.9141,106.48
4190c36b-7bc4-488e-b12b-4f3e4bfff07e,7538.03,6290.99,8090.76,33193.77,5377.6735,5142.3595,-235.314
f07edc5f-9054-42db-a777-152ada865203,7277.35,829.85,,100,1660.9201,2298.47,637.5499
c169cba4-c182-4063-8921-2624a9efe0b6,746.68,624.64,78.27,4111.37,944.7076,944.7076,0
8c9205b0-43dc-4027-b2e5-26c53ae4c880,0.3,21.93,17.18,2616.24,650.9304,650.9304,0
6eb10212-f01e-4685-bb9b-714a79f809c7,5338.66,2611.69,291.47,367,1618.0919,1618.0919,0
90a147c1-c76f-4b4e-b292-862bfc7621d7,975.81,650.69,1256.65,1258.54,879.7787,908.1791,28.4004
338e766d-a691-4c1f-8fcf-4ebb221e8742,2200.14,719.53,987.08,1745.24,1083.9836,1129.2829,45.2993
ea897e18-cdfd-48f8-b299-cf4f4c4049de,1003,5366.58,440,1119.47,1348.449,1363.529,15.08
7224ce49-bfd0-4b11-a061-a55d65aa0647,811.75,673.34,1753.75,3959.99,1092.4479,1514.5432,422.0953
353e67b8-1f69-4695-8103-d961bfdf13df,2769.3,5805.07,7787.93,31487.37,4455.1165,4442.9733,-12.1432
bc966e55-5d63-40c2-84a2-ed663fd3b4d5,196.78,23.37,442.3,1105.73,609.4827,609.4827,0
c9b8ab9d-c9c6-4b0c-a71a-84f5aadf8543,,2183.75,,9524.58,1390.7658,1373.2777,-17.4881
0191bc4e-cb15-4f0a-8fa6-a9a70096f5fb,6985.29,23310.39,886.17,6396.84,4735.1457,4735.1457,0
453291b9-6c40-4890-8d14-4abacfc7ff73,267.97,7826,,,1404.1413,1410.0662,5.9249
66a23e3c-122a-4ce2-a97d-a6845f8eff73,500.92,,572.5,1164.6,667.9608,667.9608,0
7984cc75-f727-4ea7-b5ac-f7d7d5d08c62,2159.5,1119.5,1082,3254.5,1239.5771,1239.5771,0
eb36ba47-5b14-467a-9ae5-de74e0990ba4,202.62,758.9,203.62,1315.77,689.8151,686.9051,-2.91
c8763974-3f19-4811-8fe2-0160cf80aef2,3267.88,8096.95,651.57,3536.29,2195.2233,2195.2233,0
d583d591-258d-4f27-8738-7c2372e92feb,,50,,2523,646.0186,646.0186,0
c45f676d-0ef4-4cbe-819d-aa0ee9dc0f27,4192.22,4244.36,3565.62,1943.18,2025.4553,2018.9187,-6.5366
faddbda7-5b3e-4016-a0bd-505af3bb231f,,1000,,4318.09,883.459,883.459,0
754db655-c155-4f1c-aa6a-3a7ab036ab4f,4963.79,3250.57,4645.64,15732.32,3101.1452,3105.9197,4.7745
f0f3d625-e8f3-42a7-be3a-ec682789af30,348.92,388.76,433,1167.76,678.2138,678.2138,0
abdf4ef8-1915-4fd3-9602-3fc33bd0bb56,746.56,386.26,786.39,2131.16,836.663,836.663,0
9e3c99f5-e849-4130-a29d-1594b490c55c,226.34,367.14,483.42,4373.48,889.7869,889.7869,0
260ab267-903e-46d8-8f49-154925fee4a2,527.16,768.26,876.88,2308.52,868.0161,883.979,15.9629
4175059d-8121-4319-917a-9aa52f41cb43,3809.3,738.82,10.37,5235.85,1493.9914,1550.1563,56.1649
aef43b63-6f50-4c0c-8e66-2b82e552adf5,5842.23,5233.33,5267.27,10878.02,3169.8854,3154.4285,-15.4569
732ca284-67ff-418e-9f65-fae938e45d4b,2950,4100,1100,8319.57,2064.9044,4265.2036,2200.2992
902cb187-e255-4cf4-8183-439a9086752b,1726.85,2651.34,1697.1,593.87,1214.2005,1214.2005,0
c4cec416-702f-4067-ba46-84088fbc0a5f,77.8,1241.55,444.77,470.38,687.0925,687.0925,0
1822b821-7e7b-42c4-951b-8b77ca318a44,425.33,13750.43,15863.71,4674.18,3799.1128,3799.1128,0
c806daf2-81f3-4b23-b7ac-d40d55b8f96b,,5198.96,5743.33,,1551.0514,1536.2361,-14.8153
63fbbf94-ef47-4da1-97e9-6f9ae8589e98,1612.15,933.36,11.36,129.64,821.6335,759.1356,-62.4979
b4c9a98c-641d-44bd-afca-5ad5500eff51,1723.87,1258.6,293.53,2011.93,1034.1299,1095.9391,61.8092
2c43fcbe-0e14-458e-8b7c-5381399974ab,30423.6,31890,29225,86410,17376.8029,11772.545,-5604.2579
7e6fb1a9-3671-40ad-a01d-3b9d45020e4d,1696.17,512.24,46.47,1260.94,869.2534,837.4059,-31.8475
60c166eb-0fee-4a1a-a5af-db6f8f0e68e4,1308.17,139.3,160.83,6814.86,1172.9112,1159.7196,-13.1916
e932aeb0-a4ad-42e4-846f-b05f67f1e339,2464.43,1492.56,730.16,2709.46,1259.7577,1461.0572,201.2995
99587f0b-58bf-45b9-965a-54efd23bf99a,1354.48,205,,630.38,733.4066,679.308,-54.0986
b81ccfde-5173-409e-9954-7489f8151116,10034.27,12168.62,6949.01,20049.57,5399.0125,6423.2958,1024.2833
00c99ca6-00d0-45a4-88d3-cf0be595552c,1815.26,158.47,1223.44,14217.6,1869.4145,1985.0593,115.6448
95715768-d1c2-4a90-9d78-ebde8ea95869,105.9,708.01,185,1642.74,691.0472,663.1864,-27.8608
1eeb1027-f253-4d5a-88f4-ca2b75ca3919,2929.02,758.96,8776.25,4775.47,2079.3964,4020.4396,1941.0432
ed5e5eae-5e80-403c-9b01-e0fcb81a5181,687.3,96.5,524.04,1637.68,736.7478,732.241,-4.5068
ab491cd5-e46c-424f-a8e5-a6d1132e44d9,2562.69,1160.86,858.29,6566.99,1521.8955,1307.2686,-214.6269
68c5e65c-196d-498d-aca5-3484e1f04ccf,3991.81,,,,1062.5759,954.9094,-107.6665
8180c942-5eb0-4c55-9070-3f4df328da09,1078.55,3326.22,338.19,563.58,1076.1105,1313.3373,237.2268
d2450694-e1b1-4c03-89ff-3f65709d3063,701.62,425.8,315.72,1467.33,746.989,752.6651,5.6761
ab419b01-3e80-4f1c-b68c-c1d1fb776f01,1209.05,836.73,522.02,3327.44,1020.9886,1009.6765,-11.3121
bed64c1a-d3c9-45a2-9960-20e92d1ba247,3.25,726.03,1255.94,,652.1422,626.0792,-26.063
6929705f-814b-48e1-8471-7eca37ee9e6e,6455.94,4126.14,8520.37,16537,3815.3973,5208.7493,1393.352
38dd8773-418e-4f9e-8e38-1645f03896ab,2245.05,1291.95,2157.82,2339.07,1299.0752,1403.1024,104.0272
9851a886-5249-4a4e-95a0-4eebff00b841,33825.65,22424.81,16240.35,32622.28,11858.9743,13091.1493,1232.175
f86b6621-cdfc-4654-814a-733fa4519dc8,876.83,547.88,651.48,2502.54,889.8796,874.6169,-15.2627
68f7f35c-7787-4f3a-94cb-7c0d2a6c59ae,8078.67,2410.73,1733.61,10348.4,2841.9291,2815.8037,-26.1254
cb675f88-47f7-4276-9aa9-a92c0691a70f,5,2696.77,,1172,856.0187,778.1216,-77.8971
87cc5d48-0baf-4800-9e5d-59e30d1fbdea,3352.56,2173.73,1585.41,5100.23,1715.5559,1739.4676,23.9117
c9fa044f-3018-4e8e-9713-24dddf3b0c72,1422.86,2063.5,,610,956.7382,1066.0295,109.2913
127b6243-8010-494b-801d-ef5c35d0453f,27.6,423.13,79.08,1212.86,606.7113,586.6074,-20.1039
bf885ae7-ffa6-4505-83c8-d81b55957e7b,2542.98,3318.31,4419.88,10213.9,2331.7128,1845.6681,-486.0447
75b08d66-f490-4f9d-9346-117fa1f6205d,900,111,,1177.96,693.0112,677.0712,-15.94
6cc70d46-ec86-4e3a-a4ae-2fc9ec491ab9,1858.26,1579.24,1001.65,4327.92,1316.7697,1338.0693,21.2996
d456bd32-2cd3-470c-92e5-a282802343c7,,4800,4800,17934.89,2701.4152,2184.171,-517.2442
6f2de28e-cbf7-486b-9c4e-9856e9ea780f,4950,19411.75,33000.75,66260.7,10983.2128,10239.8996,-743.3132
d96c04aa-cdb9-4520-91ea-882ef3bb4dc2,151.35,188.58,622.66,2199.92,715.0062,647.337,-67.6692
86f7ddee-460f-4c50-bd6a-24a33a3257d2,418.73,1275.93,1196.57,3067.08,991.561,871.6603,-119.9007
a7d4dc29-bb9c-4426-a32c-fb4fa87722e1,1008.32,430.7,531.61,3271.08,940.6688,968.4682,27.7994
c74cbc8a-c2c6-4691-aced-4904eabb4d6d,730.09,1333.5,275.73,943.01,815.2841,865.7624,50.4783
873d6c60-7d62-40dd-a31c-99c48c9bf68b,3960.05,500,200,5530.22,1526.3182,1414.8071,-111.5111
4c8e5d91-c75f-4e9a-86fc-81864d3466f6,393.9,270,60,2140.26,708.6796,674.8076,-33.872
02fe39b2-8da0-4bdc-86b2-4a2e9282bea7,829.74,416.86,,2327.83,799.5829,737.8368,-61.7461
516e1595-85f6-4110-a2b6-ef86b50cbb4c,2084.36,346.84,511.93,5578.33,1255.8537,1329.8658,74.0121
5d3f3d30-61b7-4985-b354-a15134f18a4f,426.56,400,35,784.2,629.9203,626.4233,-3.497
20576e49-1569-4dbd-a95a-c6fd67e9f6ec,884.56,2731.49,3561.44,3388.16,1454.6006,1393.2288,-61.3718
8ff48056-1c97-475e-941d-70e48f3c215f,3670.65,4734.66,2745,5601.18,2193.7518,2517.7556,324.0038
b74b09e2-5af4-4e29-ae27-8c19c8863ad3,55,1263.7,1075.75,1242.33,795.0589,768.001,-27.0579
6a1cfc90-96e8-4dfa-82b5-a4d4ce95af9f,8062.5,13884.06,16381.95,20775.23,6156.8714,5891.6171,-265.2543
dd3ce708-c2e7-45e1-ba3a-02d75e38aeca,,4.13,4.48,113.6,469.5585,469.925,0.3665
cf42e3b1-de35-41f6-b122-fc6e531422bc,100,2063.16,582.33,1677.21,882.928,893.1662,10.2382
af9b5f3e-fac5-46d1-9723-afe362fc8218,516.46,1341.78,942.75,1599.05,887.6978,836.8387,-50.8591
c57a0e7b-ca64-44e0-b7d6-724fe7023fef,,1630.68,793.82,123.47,725.3748,694.263,-31.1118
255a3214-086c-4776-b93d-160579062806,155.35,315.56,106.9,1625.54,645.3211,693.8383,48.5172
59243f40-5ec5-486a-9e91-92897c781b8e,,1553,,1888.22,774.2685,774.2685,0
83c875d9-847d-4be8-ae39-0d69702d2a3f,,,4.68,5603,859.9443,859.9443,0
7899d5f1-025e-4368-914c-8e64ceb5af88,59.01,1.75,225,2117.01,639.6578,647.2524,7.5946
1b8618cd-6f85-484e-a964-499b5ae570a8,6226.92,5926.09,3631.06,13104.7,3326.6485,3172.1399,-154.5086
4b5f1c33-bf2c-4499-87ae-27f878974898,23553.5,10.5,10.75,98614,11035.9254,10202.2553,-833.6701
13a7a9b4-8b90-4e71-b375-90c46ba8a347,22585.6,19549.15,14505.95,20317.7,8807.9198,9424.184,616.2642
57f09d5f-5656-42eb-8f8d-bdacad92bad0,186.68,2146.89,482.88,96,784.5866,835.0002,50.4136
005a90d7-f7ce-4d74-9276-55c036076102,5690.51,23063.81,19611.55,34807,8133.3884,7234.3622,-899.0262
062a480b-a915-498a-b1a5-fb440f5405eb,351.87,609.87,345.46,424.92,643.8086,2879.2325,2235.4239
1fe509f1-fd7f-419c-bd6e-7ab6998b063e,2220.97,424.83,447.29,1676.66,1002.1354,994.6605,-7.4749
b30da20d-5037-4884-aa23-c2a8ce898cc7,3914.5,1062.86,4824.24,226.98,1601.7227,1584.8828,-16.8399
b6d9907e-4f03-418b-b0a9-00cb32c286df,4287.68,,1810.31,6982.25,1758.9298,2038.0627,279.1329
87050465-e800-4334-8b72-d652425cffa6,5075.67,1700,750,2919.12,1694.0934,1810.4482,116.3548
cf6eea28-c0ce-478c-b158-cabd8122ec12,602.72,0.01,551.53,3353.13,837.3458,833.7858,-3.56
7014044d-3f22-41d1-962a-6c0f7863a579,3877.6,2716.68,2238.65,16343.79,2713.7165,2712.2976,-1.4189
a17c6820-8b9a-4ef1-b744-f360e25f685e,45.51,886.83,280.22,1790.97,721.2619,730.3129,9.051
fcce2bb0-f85a-4524-9334-124a7ddbcd1e,,1399,615.51,3364.31,914.159,918.683,4.524
a29232a1-6c9f-4b2d-bf9a-a71262af76ee,1500,6007.5,,643609.88,47205.1,51965.7383,4760.6383
d57e885b-ae69-4bca-bf0c-340d5fc4b2da,1621.75,2792.81,2821.3,6077.34,1701.1068,1662.5911,-38.5157
ebef0a69-2ade-455c-bee9-94e19ffbb03f,1872.43,,246.05,3808.39,1035.1435,1034.0785,-1.065
a056b662-6d8c-42d0-92f2-5f38c4fed28a,1054.21,570.83,627.2,2726.71,933.1643,933.7462,0.5819
9612ba84-4cee-434a-b890-1e1537a2ba07,1856.27,4910.2,4356.68,777.18,1734.5693,1870.1345,135.5652
b8e7246a-685f-416b-9702-24f8cf9e412b,1261,1428,749,5145,1245.8496,1252.4246,6.575
8de4944b-1f08-4278-9af4-8794e1db2e3d,1300.84,2912.4,,2500,1170.8686,1083.4966,-87.372
ef4a949e-90fb-4756-88d5-d0d3f1a3ab95,600,1070.67,137.58,4131.38,980.5499,932.9562,-47.5937
a8aed427-337a-45eb-b7be-2427a0e39e0e,6963.29,6349.32,6344.15,17054.66,3999.4689,1483.6974,-2515.7715
60e440c1-f70b-4b56-abed-7f8f3f631710,1439.23,1238.7,1126.06,3378.18,1157.2848,1200.0037,42.7189
0d377200-68a8-4512-83dd-ef62d02cb439,319.9,2834.6,87.46,2401.51,1014.4214,1050.2281,35.8067
62249e5b-0929-49f4-9866-bc85ff220464,1222.61,1182.03,677.97,744.54,892.2967,884.8467,-7.45
2960f783-1cae-4beb-8271-7758be5081fe,2521.19,4371.73,1040.1,,1434.1286,1437.8097,3.6811
e805db06-fde1-4a83-97eb-7a13462d5c72,5949.63,12967.25,3964.01,9,3193.4031,2986.6695,-206.7336
729ada28-7676-4181-9ca2-e1a4055403c1,3985.83,3526.35,5742.3,28940.16,4019.5468,6105.7188,2086.172
3282e4de-6102-4555-8fcb-aaf6549e160e,588.98,4972.59,467.86,281.86,1183.2897,1269.2177,85.928
8e38d44c-af98-4580-b735-e15c43085ab9,19.99,,3479.93,2200.01,917.4522,1182.8966,265.4444
e100d6ff-713b-4aa3-8c60-647751f8951b,7927.73,8292.32,8632.32,28689.98,5392.9731,5371.0057,-21.9674
da800d0b-10af-4986-a0ab-7901df1755dd,,,,19987.75,1883.7388,1883.7388,0
d1ae4a37-8fab-45e9-9808-71ac0ea89962,,45.38,416.27,12039.11,1358.5819,1352.4708,-6.1111
18b2d9b7-c319-4b77-abee-2f4ff74246b9,544.91,357.29,180.54,1663.69,717.8875,698.451,-19.4365
e1bf0ab9-07e4-47c7-b292-e396e2064448,695.55,938.7,574.76,565.42,763.1683,789.7875,26.6192
caccd933-6cbd-43e2-867e-803a7f0e9ee7,12657.52,,,,2369.365,1921.2888,-448.0762
94bb0753-5db6-4e4f-8844-52fe062b30e9,425.42,586.62,161.2,1073.24,682.6415,678.4249,-4.2166
67f5794b-5d62-4860-acf4-97e9d7cc38f9,11000,17000,5000,18000,5789.811,6478.211,688.4
0f764f68-0356-4948-ae58-68411062ecce,6248.49,4993.86,3563.07,4600.98,2611.0507,2720.9781,109.9274
d21c83ca-dfb0-4d8f-8e47-d1575bc0500c,784,825.43,682.41,1752.59,857.155,847.8094,-9.3456
71b64bd9-026c-491d-9069-c2f9d5084736,1912.87,8363.2,6200.39,1689.54,2363.9936,2363.9936,0
67d94fb0-d11e-4ffe-b59e-96f7ea6db3ec,434.97,2107.73,901.35,2026.41,990.6922,990.6922,0
48612a67-8764-4b1e-b694-424100c7f3ab,707.33,944.43,228.53,648.73,741.9696,744.6935,2.7239
8ef6a0de-3466-4054-b4a3-6107f5b8ea45,55.99,133.38,2010.74,2164.82,810.2987,810.2987,0
c77ff2a9-72f2-4a12-afc7-ba19c2fa2d15,512.45,999.31,545.15,1435.97,802.0057,808.6784,6.6727
188d8252-5dd4-4ded-a1f3-312bbcde72c6,1108.7,724,817.1,1863.09,913.7849,1014.0721,100.2872
e03d1a8f-1dd8-414c-9dc2-413b6de7c387,1892.74,70.99,604.73,20067.39,2234.6705,2210.4761,-24.1944
10d7d236-3370-4023-b642-f0da5537be24,1677.46,4434.75,4205.55,6329.16,2035.1323,1970.4891,-64.6432
3a959ec8-3a34-431b-9f1f-70786070d5ff,1438.71,3103.7,2579.52,21771.4,2806.1501,2806.1501,0
0d9249d0-616f-4e50-8f09-17386c3e6b04,36.33,2010,,,698.0436,698.0436,0
a6ef439a-ee02-43f2-9cb1-865731c80c58,16763.74,31468.6,12745.2,36560.41,10311.6007,9880.1727,-431.428
4b05d38b-e099-47e0-8dff-63c9838d18d3,162.24,333.18,268.38,1843.37,677.6934,677.6934,0
b69dbd61-e090-41ef-abb3-506d7be94893,3777.57,1827.9,2550,10279.12,2190.8516,2190.8516,0
0227cfae-2544-4ac5-8c11-dbee1c95ccc4,822.16,653.88,651.06,2976,927.5422,927.5422,0
455e478a-afe4-41ea-a3b7-2522c669a78f,3003,2600,,,1213.5034,1160.4034,-53.1
6287f983-530b-45e1-9c96-69f7490b514f,689.34,549.85,92.81,960.49,704.329,724.1431,19.8141
675bf96c-540b-41ec-bab3-20599b716133,1500.2,1696.48,1443.74,3546.65,1258.4318,1258.4318,0
1f342db6-855c-4294-a2be-970bf6802742,19722.57,5317.24,4509.13,24943.52,6209.4424,6209.4424,0
e529ed41-ddac-4697-a137-00c769f6d8bc,1219.36,1446.45,1189.77,4207.74,1212.6083,1236.528,23.9197
21a922e7-0745-4114-a092-7dd89e337b79,2140.07,4494.99,1317.55,5110.08,1778.4119,1775.4978,-2.9141
d666a09d-06e5-4f4e-8e1c-57557d7bd124,9176.09,4318.76,7427.84,11220.95,3776.0195,1979.425,-1796.5945
832553b3-7033-49f0-9c04-9e51ccec213e,18622.49,9870.82,608.74,,4459.9615,846.8856,-3613.0759
82313b51-fd97-43db-a07b-6b980f9b6fa3,762.91,1280.79,,2266.25,884.818,884.818,0
18e917d5-c012-435c-8b49-cb9d8e356607,79429.6,61650.21,97378.21,285733.77,48213.3725,52554.1408,4340.7683
dbcd200f-6db6-475a-aff5-a85e85ab5b97,358.78,594.9,528.84,880.17,691.1975,692.8807,1.6832
cee63aaa-0579-4c0e-ae14-59798810818a,690,106.55,338.44,722.8,657.325,671.1153,13.7903
785413ce-73ae-4d12-9b43-4d152e9e1aa6,1639.86,251.01,541.92,974.11,852.505,805.1248,-47.3802
7b15e875-49df-4670-89d3-3587cba8df5d,1148.04,421.02,1412.27,649.15,849.1485,867.6745,18.526
6ef09be8-5b0e-46f0-a816-c6c88b0de891,1386.87,1401.73,1177.84,2060.12,1078.7787,1131.502,52.7233
9699b42a-f7c1-4381-9efb-159739e89c1f,1593.57,2065.38,1110.77,1773.23,1160.3799,1217.0776,56.6977
96e02451-151a-45e2-ac2f-00c6c1a770cf,2192.51,,,,791.2415,791.2415,0
8b110cdf-d77a-4f14-b7ef-8a1b9523a87b,5496.82,7316.48,7021.47,20397.35,4185.7781,3419.0938,-766.6843
fbd2eafa-f954-4728-accb-7c0e6fc2653c,,5750.53,,8200.02,1708.0636,1708.0636,0
ef488dc7-6a0d-422f-b8ba-b6c41c80a8c7,530.05,293.25,545.22,991.96,691.5729,682.7754,-8.7975
16e58e63-1728-4c49-9fab-a36ab5e19c6c,4611.78,3144.3,1447.16,23312.14,3302.3315,3126.6383,-175.6932
6e640303-5c23-4af5-b522-71f9fda19fc0,70,650,,1400,645.857,645.857,0
f3584f36-6d8c-48a0-afa3-217bd555b82e,5.5,5780.7,2603.2,15827.99,2477.7993,2450.9187,-26.8806
3af11a17-c8b0-46ea-8508-1406cdc7963b,3000,,2867.15,9683.47,1847.3287,1946.8971,99.5684
8f2f30e1-cc25-4997-981a-4f21247c8612,,,1447.17,18430.74,1896.468,1875.9182,-20.5498
71a18864-9a35-41a3-9f0a-1b686e5c2788,257.27,1650,,3816.21,961.5315,982.2689,20.7374
c6ffd777-b2b4-4958-8267-d849e071f0be,27265.33,42331.02,24539.74,104174.48,18970.1392,18897.059,-73.0802
7b01458e-61ec-48b9-b2cb-87f2a9d56b01,178.48,1686.42,2837.91,5384.87,1307.8989,1311.4539,3.555
7301524a-cded-4cb7-aa12-0ba68046dbba,26983.77,16874.62,14857.78,47886,11155.4323,10927.5714,-227.8609
b8d5e845-a302-4fbe-8606-4dfa69107352,12380,29800,25465.25,75202.19,13295.5633,14566.4175,1270.8542
eb4f71a4-239e-4e59-8955-f4d375007514,118.49,1563.48,206.68,1173.55,760.1121,720.1824,-39.9297
fe94c7fe-8e78-4bdf-b668-11e08124ff27,1409.96,1587.75,95.51,75,869.9559,1053.8501,183.8942
7b54b7ec-3bc8-4c9a-a92e-ff4b2b0af07c,694.29,,,3469.09,812.3091,699.6054,-112.7037
a644cc16-c4b9-4eeb-ae77-2467ee124a42,293.01,178,156,1349.04,634.7122,835.0816,200.3694
8281bc57-f13c-4e95-92db-9f3d1a81c2ca,,25000,,51250,6994.611,6155.611,-839
60033c09-6bc5-4582-8bed-b852f7eb62f0,,601.38,,1791.06,657.5337,529.6143,-127.9194
fc64ffb6-fcd2-4078-a95a-4567ec3aa56f,298.79,54.5,869.8,3966.2,868.6322,853.8744,-14.7578
fe11f5a4-b349-455d-9523-4836f01be92d,2290.64,480.12,537.61,2364.26,1075.6926,1394.4063,318.7137
50f7260d-0b49-44b2-8e9c-286e130c392a,960.78,554.9,730.98,898.81,795.953,837.1553,41.2023
ce46ecba-92dd-41ab-9d9e-2e4d652ab525,1225.54,990.34,3700,832.46,1134.9588,1124.119,-10.8398
c8559166-5e22-4dac-abed-131d4f5e679f,9235.62,3.61,94.82,438.55,1893.0815,2050.6262,157.5447
7e64a29e-9b74-4265-ac48-8c541a924ff4,2871.48,9815.34,18714.28,16692.63,4813.0352,4644.1723,-168.8629
c15ec174-1da5-4c12-a322-578c519c6753,2215,3658,6563.75,25035.85,3559.863,3067.2245,-492.6385
4d0904b7-4045-4572-8ad8-8ab1caa15ef6,700,2250,,300,847.181,733.541,-113.64
8c305e23-556f-4dde-ad80-7c05a541d993,2150.55,225.45,,38.46,813.6692,731.3601,-82.3091
5e0d2701-9e53-48de-8089-d77b875a669e,914.08,1065.68,120.1,43.42,734.7818,777.8987,43.1169
6e0eee06-a3de-4cf9-bf91-589addaaf2c5,3366.85,1741.52,517.82,6087.59,1646.9616,1663.962,17.0004
c598fb91-702b-4cc0-b587-d62213be1639,3665.12,2496.55,3320.99,8131.93,2164.0189,2117.5573,-46.4616
627eb199-dc9f-4d5b-b294-a0ca58f8d8c5,1048.71,870.38,260.03,1605.74,855.7336,846.5532,-9.1804
cde06dbb-bd28-4ff7-9dc7-0095f60f172b,880.08,967.55,1028.9,1266.46,883.0223,915.8256,32.8033
24aab263-8991-418f-a844-c85b4b2ca5f2,1061.7,988.05,689.26,1813.36,922.7104,903.4108,-19.2996
89b0114e-3b58-4ef8-9d40-3d23bb765f03,225.89,2952.96,661.78,659.99,938.9541,957.5146,18.5605
e9cbe4c6-e1f2-4313-8680-f71155f4cfde,5300.85,5499.3,5483.92,20438.7,3818.1606,3652.266,-165.8946
ebbedfff-5ef4-43c9-876e-171b268ef684,5921.94,1857.52,479.14,10242.59,2338.1883,2160.2009,-177.9874
c102a7b2-59b5-4edd-800f-251c64cda218,3,2.5,5,36.63,464.387,462.4909,-1.8961
8ee0b605-7bcc-4768-a20a-ddf13d81dedb,3658.53,2527.88,2449.7,2786.39,1711.63,1435.1449,-276.4851
1ea3f259-5d80-4b45-9930-87e8307b3e93,236.25,1304.21,330,1138.68,755.9994,823.3819,67.3825
34f5a409-3af2-418d-acec-0b3073262a4b,,,,12491.55,1350.0094,1350.0094,0
930b6413-612a-4007-b11e-9ec3a20e2a92,,0.34,5404.5,,922.1945,922.1945,0
8ba27b7d-d17e-4ec6-a131-bbeaca4db305,814.33,1488.68,630.01,1585.87,921.9224,927.5639,5.6415
25202f9b-9ac0-4cc1-94ad-c4d3d8addf75,65.31,1279.8,570.53,245.19,684.3295,907.1355,222.806
96910d97-54f3-4c06-8c90-90e976de6e12,7822,7410,,,2495.2826,2495.2826,0
0273d008-7911-4a39-bbda-675dfe790c4e,19171.26,10341.22,9935.28,32004.57,7672.2121,8014.6459,342.4338
776127e5-7de3-4b48-be5a-9e95218f03e8,,10800.63,12,40009,4556.6693,4556.6693,0
757f4ef9-3f0f-46cd-bd53-6757614bbcae,107.99,,1207,3237.7,810.4979,863.577,53.0791
3d89a0d3-8dd6-43d7-b7fe-786610575d22,502.95,1060,342,708.9,738.4603,712.2403,-26.22
2d6d7006-91df-4747-a74c-5bec8ea2d6af,13872.97,75652.46,11419.98,91201.65,18751.7725,2135.1159,-16616.6566
3fa88931-9803-4736-b7ac-3fb29bac9e74,3846.16,,83.8,,1047.7684,1269.6919,221.9235
9d2a5f48-a348-4da6-af92-c25effdb34fa,795,51.63,750,1150,732.3851,960.5612,228.1761
dbecbf1c-bed1-48b7-bb77-41b847cc658b,,40.14,5150.85,,905.1257,884.0295,-21.0962
997cb9cf-a22b-459e-ac35-a388b4561807,20735.37,15528.99,13071.82,31711.38,8753.7339,8581.1212,-172.6127
b317d373-90b3-4da5-ab37-1136c9dc5a75,1726.51,1405.55,1506.07,4537.69,1334.8711,1242.4773,-92.3938
15e2f4d4-6a38-4d96-9c0b-b85b456cdc94,2295,2875,3900,725,1523.152,1466.572,-56.58
7fbc3883-e1cf-4ed1-ae44-e3572107e87b,2425.68,1290.64,203.95,4786.75,1333.5773,1370.8186,37.2413
a572c665-d9ed-44a6-a12d-7e0487a31019,6465.61,301.2,1472.36,2203.95,1753.0443,1753.0443,0
16fbe657-fc64-4424-968f-b30c89862d3f,1828.96,908.59,90,44.21,852.1032,914.3371,62.2339
d490645e-65a4-47b8-8da4-91f33b5b876e,2020,3638.54,2757.41,9654,2107.9621,2766.2111,658.249
e7b756e1-1a6a-4e7e-8d12-ba9fbcb6bec0,1040,1380,1370,2092.4,1042.6719,1065.3389,22.667
b37dc6ac-4909-44ce-8d9e-49c4fffe9cae,86.01,118.43,71.17,2653.61,682.2631,641.5663,-40.6968
354e490f-fca7-49f6-9ee8-597e8baa2b9e,837.95,1002.72,286.27,584.18,768.7288,847.4356,78.7068
200a27c2-dfc0-4971-8cba-3cac3c86e2c9,4244.49,3999.28,5527.59,7823.72,2591.3021,2585.0834,-6.2187
f797fbd3-3648-4291-9859-3b2cc09557c9,2162.81,3521.41,2849.1,5770.27,1847.2898,1847.2898,0
d655daa1-8771-4964-be11-e6fdbcf1bc0d,258.38,1442.16,919.64,3687.63,1007.0965,1007.8875,0.791
c6e03d4f-e5d6-489f-86ab-867d6bcd3587,,,519.26,1586.41,617.9082,617.9082,0
9aaa48ef-e4f3-4651-8611-5ae0f39284a8,2669.6,2924,3419.3,11543.87,2314.548,2333.3076,18.7596
ca5ca35e-c627-4fc9-ae38-0cead1027abc,794.97,402.76,388.62,2099.3,809.6293,824.6773,15.048
f9986e7e-32e8-4eca-bc25-aad4888eae1e,5757,,,71360.97,6409.6677,6403.9382,-5.7295
16ca7f8f-c041-48fe-9a52-55a718c7bd5b,1555.02,1176.92,,1029.56,904.2293,1110.0828,205.8535
5934fe75-c91c-4b54-bfb7-e35b20201190,204958.8,152340,231752.5,309880,90803.5535,56527.3193,-34276.2342
8ed43cdf-14ca-4219-a59e-293e9738f252,5252.82,6415.64,7321.64,15425.63,3716.674,4003.2962,286.6222
609aa0e9-1c6d-4b23-b1bc-6a8ad8ec35a0,982.36,174.34,260.56,1326.1,745.5399,722.2339,-23.306
399e4cc1-745d-4509-80d6-93dfa442c447,32.24,,280.14,3,489.6103,489.6103,0
6deba382-296d-4122-9452-946019f6bb2d,952.17,51.14,1267.01,1341.73,813.8336,792.8957,-20.9379
ff8619b0-42f9-4b3f-a38a-880b38eaa5bd,,376.39,887.13,1047.5,654.3893,654.3886,-0.0007000000001
fce0d32e-bb39-4173-a1ed-1eda0246cead,125.52,715.32,131.16,1528.91,682.1468,675.2177,-6.9291
926790b0-d946-4264-854b-5fd5540165e6,484.54,435.45,332.16,1268.86,702.6399,695.1157,-7.5242
513b2d6a-cc43-47e5-84a4-fe05cc10245d,4166.3,3465.82,7756.32,12490.38,3040.5495,2903.1147,-137.4348
8118da69-d0cd-41a7-a82a-d9ab05a6235f,544.89,933.59,985.64,1098.81,812.9256,782.6541,-30.2715
f69fdbc2-6381-40f7-833f-a14c96d88d3f,7053.99,6203.69,4948.69,16175.02,3814.5381,2480.5835,-1333.9546
ca32b7c1-55f2-433b-95fa-f02b91268241,639.14,3624.39,247,1832.33,1126.8036,1074.1781,-52.6255
9c2663d2-71b0-427f-8a8d-810c0231c230,1000,,1000,,696.811,696.811,0
e1c3e040-095a-469e-8804-4ae955cbd5ab,978.44,1169.48,548.91,3184.63,1016.7403,1015.9429,-0.7974
9f251ff4-f35e-4fad-90cd-ee7f68a6f054,5862.62,678.63,329.14,1080.08,1528.0183,1424.0617,-103.9566
985645a0-b675-4d18-9f45-6d7070a84360,1801.68,1829.25,41.94,,946.9815,891.3464,-55.6351
5c1e4878-4e47-4c60-bbe5-56180a0b6d37,1143,895.5,2284.45,4300.61,1237.6116,1111.5542,-126.0574
4449e8d2-635a-43b1-860b-cac0bf35bc10,1100.2,387.02,291.42,1172.23,779.5333,780.9367,1.4034
f556618a-8d66-4633-8f9e-d5bdf4e30b9e,4035.98,1030.03,2817.99,3136.96,1652.1101,1905.012,252.9019
97fa67b4-3148-4ebd-9227-6cf49d7da04d,24982.7,24815.62,31243.38,38998.03,12536.5691,12650.767,114.1979
e62ca860-e7a0-4779-8815-3bfc7e45bc47,300,3000,335.63,7333.09,1402.8298,1241.7409,-161.0889
30a352fc-1ecb-4472-a565-8fc8e0e308a7,2875.1,2270.38,5096.5,7866.54,2151.5167,2119.6293,-31.8874
db4164c4-38a9-41be-a55a-0c04042ac397,,2187.49,6798.27,3703.27,1557.2924,721.0338,-836.2586
6f24b2de-8b17-48a8-8393-afb4d2c1afa8,750,643.35,913,1646,843.119,843.119,0
c02361fe-9f36-4e7f-8ddb-67b41fcf74ac,5950,,,50,1361.431,1360.7242,-0.7068
05adaaaa-13e8-444d-bfdb-33a016955720,600,503,1307.25,910,785.5684,884.9683,99.3999
fcd4cc81-6d43-4a1d-87dd-b32635fe91d9,5817.9,1510.66,273.57,350.6,1560.6061,1562.5941,1.988
bdeedb6f-24a5-4673-9123-1090186b2c7c,58.64,230.96,1281.87,955.76,673.6285,667.0074,-6.6211
e92d6ec6-f429-4013-836d-ae3db7c9f1b8,3662.37,4264.29,3112.57,7089.82,2275.6041,2312.7402,37.1361
5b99b9e2-9738-4a3c-978b-6c2ecbc32ec9,2997.03,1423.2,1037.36,4254.2,1468.29,1468.29,0
b4bb7d00-81e5-40ec-8caf-0f08d12d8413,3,2108.88,8597.28,3400,1680.7159,1680.7159,0
26b5c702-1182-4d4d-8eca-fff061c440dc,350,135.05,859.06,4961.4,955.5912,955.5912,0
5d1a7068-cdf9-4394-83f0-1275bcda6225,557.34,821.78,927.52,1472.71,823.5584,875.1467,51.5883
1f4dbe10-ba26-4668-9a89-56961bf2f5fe,,,,5880,879.267,879.267,0
13d4d4e8-f318-4e83-8daf-70d24e021b97,5348.43,3796.49,209.68,139.33,1733.0962,1705.6962,-27.4
0f43f699-186f-4ccc-9cbf-19e8da961860,5154.49,1.99,3000,8601.75,2106.7823,2134.3223,27.54
b73f682a-8bd3-4eb0-8370-84496fb50fbc,24789.55,3.7,722.69,462.83,4293.9733,4326.2491,32.2758
30c17fb3-a846-4311-bcb4-837cbb176ac7,,1348.18,499.61,2621.65,845.5191,845.5191,0
48f5dcd0-de79-40cb-b877-28646998c77a,792.19,57.66,3266.92,997.64,936.7542,936.7542,0
a3d120b9-d2f1-4d84-944c-da25d8aec704,1505.25,2405.5,242.03,688.05,1034.8559,1034.1789,-0.677
63fb7356-74c4-453c-b62d-7407b13010ef,2000.72,655.84,1180.17,4125.03,1232.4922,1232.4922,0
3cf23ec4-64a5-492a-9693-d868cb8e3d48,867.16,1450.91,1100,2504.6,1031.0813,1045.1213,14.04
75efaf99-9880-4cde-a4e5-dd7677be3b85,,,,15397,1556.8774,1556.8774,0
768a149d-4cac-4853-bd0d-e322bc6ef2a7,9717.44,2849.29,12618.46,50054.97,6896.3394,7194.527,298.1876
f95390b4-765f-4d5f-8bd5-d4bb4428b137,1550,5256.46,2187.66,2370.77,1656.5715,1656.5715,0
29e373aa-fbfc-43d8-ab84-f7f3be2d4904,1500,2620,300,,1014.779,1165.579,150.8
47d59847-0d37-49bb-84e5-829279e78cd8,1452.83,1845.45,2690.19,10073.74,1839.6552,1839.6552,0
5f6f2a32-42c8-4898-961f-d2f31ba9a29b,,477.66,654.55,78.31,577.2072,577.2072,0
57103872-0fe5-4ee9-808e-47787b4f9727,30922,28090.07,18379.67,74123.34,15212.4483,15726.2053,513.757
ff304296-e0b7-4698-a4e1-627fb0f2d158,32180.44,23288,21539.73,17817,11108.9199,5553.7107,-5555.2092
8c4079ca-5df9-48b3-80d7-a6a37e855460,6580,23940,5300,29860,6794.203,6905.903,111.7
8283d492-346f-4046-a654-49d2a2a4340e,3491.47,5291.31,4154.03,11554.81,2775.1985,2528.9721,-246.2264
84df1542-af4f-40ab-88ad-ce291db030f3,,,9262.5,13797.78,2234.0304,2116.8109,-117.2195
741dca0c-091e-4357-90e7-8549e0cdca80,141.63,424.9,459.05,1560.23,681.2935,655.0133,-26.2802
ae8a71c7-f3d3-4819-9ff2-cd070598da17,2717.66,1056.62,958.26,2172.73,1228.9019,1047.193,-181.7089
a9f5cb8f-e68c-43fe-a131-cffe260eef19,2736.61,1142.37,1453.39,297.62,1150.4313,1091.361,-59.0703
72b2df7f-2577-497a-a074-f07198c5db8a,3.5,1226.22,1577.75,,737.3844,715.1061,-22.2783
fb4874ed-c1d3-457c-b4d8-a3b1b3fc17d0,20000,32445.5,9795,75608.11,13440.6121,21011.4401,7570.828
0d20b151-bf69-423c-a312-2385602e6fcb,50,1592.45,,27,653.8421,651.2621,-2.58
050c891b-1041-4c5e-baac-8e9830ce5fdb,1872,9990,11580.83,29189.05,4963.0178,6355.9469,1392.9291
20bfd587-095b-4c0b-9718-b81f58a17947,,,24345.13,43176.62,5613.8604,20934.7546,15320.8942
3962fca2-69ab-462e-819c-53561d7a9735,108.08,260,807.8,2346.21,742.9497,635.0461,-107.9036
2cc0e44b-ee3a-4b8a-8b1e-d7fc51a8736b,2913.33,36416.24,6433.5,16750.31,6844.4182,5376.3178,-1468.1004
3f01cd72-6678-437c-83e7-7d1f12327706,2336.41,2477.64,2291.56,2814.3,1494.9387,1751.4048,256.4661
e6d35bfd-33e3-4cc5-bec8-c977b76920e2,2005.11,5161,529.01,500,1439.3384,1500.0274,60.689
11631095-cedf-48aa-a99b-46306a4c7e5e,812.06,39.3,394.96,1224.58,708.5245,667.164,-41.3605
d9ea26a0-80f9-428f-9f81-976b1c61076c,152.57,129.96,190.26,797.16,571.6219,549.9964,-21.6255
e3825821-16d5-438a-a15d-4d0ac6dfaf32,516.52,434.84,179.03,1750.12,728.5805,836.3268,107.7463
23938b85-b40a-4578-9dbb-ca3db63b845e,10080,,,,1980.675,1623.9305,-356.7445
fa922e21-00c2-4124-8ddf-10d77763889c,12158.96,18679.58,40,30471.93,6622.8231,10150.9763,3528.1532
4d2829d2-c62d-4a87-b364-37606f45b1c5,1624.78,3219.23,54.11,2062.08,1228.5681,3071.7201,1843.152
faed4a86-2f7b-46be-ae13-647440426dfe,275,822.07,427.2,6453.04,1092.8872,895.6451,-197.2421
693cc367-d8d7-41ae-b462-c6f25985c2f3,511.26,1374.25,559.97,1569.4,855.8602,807.5344,-48.3258
c065e010-74ce-46a2-bd7e-f0d63e0cc116,11.29,,2471.89,156.04,684.523,726.6414,42.1184
daada12a-5b04-44b3-9c3e-a690cfa1815b,1436.19,1485.5,167,886.5,925.9958,1246.8402,320.8444
5683e5aa-931c-4d2d-8225-1e6b3145bebb,1049.76,745.84,1836.6,3326.01,1098.6423,908.6385,-190.0038
e59c1433-77b2-4f5f-9cb2-167f904cb53e,,683.33,,2700,731.7073,814.2535,82.5462
e3533fde-8d75-4dc8-974d-0dcb31c94fc0,352.15,2835.7,2750.92,6452.9,1535.33,1565.3119,29.9819
51e3c6c4-2864-424b-8b42-7e02684e4785,,,67.66,11889.51,1312.9223,1115.202,-197.7203
1d3583e6-5a78-45f6-a665-b698a0bfdebe,1446.08,3028.28,3397.61,4442.64,1634.6152,1843.8567,209.2415
5fa540dd-4507-414c-a166-3c44c88b301f,7720.75,6448.32,3626.64,0.01,2678.752,2310.9796,-367.7724
367f95cc-b1a2-4f45-b5c6-1b53d2291efb,600,900,600,2828.83,907.6037,926.911,19.3073
fde09f22-e06c-42b7-8f6a-673440cfe820,2387.46,3350.62,,830,1266.3975,1457.1286,190.7311
09e5056b-adfe-4d9d-a105-818ac1bda8b4,1964.14,2083.37,973.22,1875.78,1213.8927,1391.1381,177.2454
7bc8188f-53fe-401f-9f18-94f4d9c3647a,2304,2694,1800,6743.5,1752.799,1809.7006,56.9016
9e5186e5-c0a9-4c5c-9f47-407ab90a0075,2541.7,5083.5,650.01,361,1511.7493,2245.191,733.4417
0a55b1f6-175b-48f5-95a3-bb1f25230161,422.33,1031.25,,1103.02,721.8396,660.1385,-61.7011
be9f69f1-5604-410b-84fa-6ca2c0aff7e1,1892.9,1,,1641.16,863.0263,786.1839,-76.8424
0d0da7b8-03de-4dd6-82a4-f6d7769a7a80,4289.22,,,11.88,1108.2712,956.4328,-151.8384
8806686f-d03f-4cb0-a6f5-10b5220551d6,4252.37,11275.95,4201.54,9366.62,3428.8279,3167.9243,-260.9036
58eef423-fb7b-4d17-a20d-dded2f9be440,13683.85,20754.75,11081.4,87828.87,12119.0008,11617.9064,-501.0944
fffe7bb9-c887-486a-ace6-b77de93f6c82,140,1166.66,699.1,428.15,706.543,718.323,11.78
d96f5f9b-ab29-4e4d-bf91-13914e3220dc,120,3272.75,5255.15,7737.68,1856.095,1796.7332,-59.3618
6a43e306-19fb-4129-96a6-0736c5f5c791,875.1,497.2,0,293.14,670.8245,712.8784,42.0539
c949e16d-456d-45ec-8a80-81ed4eec661a,,893.47,1013.45,2833.86,852.0369,825.5398,-26.4971
b7c7be87-6cc2-4b8d-8005-99f4c496d43d,1673.52,3563.2,353.66,0.68,1154.4221,1202.5053,48.0832
9fdc762d-d9da-432c-a1ad-5aa0a9ba65e0,167485.93,152622.76,140192.19,156025.67,66411.5965,64953.3087,-1458.2878
7d3c3c9b-a848-4c91-b8a8-d21dad42ee14,,4477,2954,9288.25,1890.8518,2137.5156,246.6638
f27e3781-1534-47c6-ad03-02547ba5a63a,,1981.9,30500.04,19587.76,4688.6742,2221.8556,-2466.8186
49bcc2e1-6a83-48e9-b287-662d10c14e01,962.8,862.82,1500,1008.32,905.2631,905.6665,0.4034
23c4aa20-9802-409c-8eff-1a33dc8484cc,13981.4,26778.14,18314.84,63284.73,11729.1636,10268.9876,-1460.176
9f25131c-df17-48ac-8dce-2eb73c03090b,4008.1,5500,3680,7608.32,2555.7169,2381.6509,-174.066
d4122381-efe0-48d8-b15c-5dd4aa5d97cd,914.56,2088.27,3299.76,6126.61,1557.5271,1505.1217,-52.4054
cc6196b8-a92b-4a12-82fe-90363085705a,11.24,2312.34,1202,7879.79,1392.8419,1375.8019,-17.04
7536633e-8e74-4d43-9eff-377d34c8cde9,5779.2,3608.82,103.64,10664.21,2516.7148,2719.5639,202.8491
dc676728-ee04-43cb-9850-5987febe8f86,745.74,732.99,1958.06,5625.74,1225.4266,1189.0154,-36.4112
11b9a05d-cc45-4301-9e5a-5a9e119a3e23,1026.98,905.49,636.5,1606.62,888.7216,888.7216,0
8a8d6982-da34-4f15-81a8-8c6ccd225e49,2255.72,3279.27,1693.4,4178.28,1621.3112,1606.1812,-15.13
6c935ff0-679c-4255-b688-0d51d0843dfe,37.7,6800,3465,,1546.9272,1497.9372,-48.99
74c0c1ae-e8e0-477d-bca0-e05d7d4c4915,24670.19,25386.29,12312.17,23636.24,9844.8131,8452.0988,-1392.7143
bd3b5ce7-fe0c-46c3-b330-32663a4f6c22,5000,,,,1214.611,3184.7165,1970.1055
286e6f78-73ff-4395-ab05-ee3b68557cad,242.66,483.22,762.85,2747.54,813.74,773.6728,-40.0672
c3f955cd-ecc6-46b9-9cb9-e1b064260ffe,702.06,1016.24,128.63,2638.05,882.5699,797.8746,-84.6953
561ec255-f4fd-4e4c-a2f8-36ef5429d623,214.62,2851.07,81,1928.55,966.2193,870.3358,-95.8835
8f2dd4f3-08ee-434b-bfe4-ea3d4a533170,2912.09,1674.08,3212.17,4344.47,1676.5886,1435.7078,-240.8808
927de51c-bad8-4eae-a407-ab9aaafe78d6,3260.68,653.55,693.92,2252.38,1247.3714,1622.8554,375.484
1af1bd25-fdf1-40fd-9282-8bc96d8e46f4,3400,,,813.3,1031.238,896.9962,-134.2418
64516a0b-b66b-4f7b-b5c7-4a93730a0e0f,250,1386,1210.01,7536.53,1298.1912,1364.2479,66.0567
9958ad2e-86b4-4046-8f6f-c07376c06bc4,1185.21,2156.13,60.45,1939.69,1031.4264,1038.0966,6.6702
8391d206-de2b-4b4f-93a1-ccedb2df9726,75,50.33,580.38,2154.01,680.659,795.2496,114.5906
838ad021-7f9d-42d3-baf4-21b5c80b10bf,390.55,366.86,973.78,1765.81,770.7281,770.1004,-0.6277
f381ce91-1628-4085-af34-6f55ba32ec8a,5037.53,6103.16,4019.76,1374.03,2365.6936,2274.7204,-90.9732
366d2c9e-0a18-4173-8896-bd0acd58837c,584.35,1984.12,644.8,412.47,862.1322,860.9612,-1.171
bdcb45ed-f402-415f-ab7a-6eee68efa251,643,723.79,4300,1376.46,1106.3247,2623.05,1516.7253
813639c1-91a7-4fe8-945d-274d698bacf4,1434.24,1354.56,916.32,3131.37,1134.4179,1105.726,-28.6919
c7fa91be-44c3-4da8-983b-2a2c9733d234,1169.34,840.26,254.12,1594.81,869.1658,915.5175,46.3517
e946fda6-a5c1-45c8-8236-5a724bfa919e,646.15,700,741.73,2156.58,855.7227,803.189,-52.5337
b157c8fb-a524-4700-93af-44155a4158be,1498.63,1587.53,1059.16,4247.22,1262.6597,1120.9791,-141.6806
ba8cbbb2-1f53-453a-85d3-44d450cdd530,335.76,515.02,502.18,1812.25,742.5953,733.0144,-9.5809
af94cc6f-764a-4e84-ab40-39b5a1512cd0,1089.21,1022.3,994.64,3063.57,1045.9057,1069.0688,23.1631
018a1d8c-9192-420c-bafb-32b08a05824d,,6000.01,5000,,1580.0122,1580.0122,0
87f36b79-0457-4557-a419-414003d05460,8503.12,952.14,432.78,1623.62,2005.3196,1944.6187,-60.7009
2f1c5cc6-db0c-40bf-8347-632d5a9e8142,,,960.68,1850,674.3731,674.3731,0
319a9db8-cd95-449a-8fd3-2c13c2168f97,13034.19,13559.68,11173.01,15947.96,6080.6237,2435.2462,-3645.3775
22a605d7-bafb-4ef3-9f2e-dcb5f94f1988,760.29,588.35,790.31,3817.36,982.4468,950.8387,-31.6081
552cf748-69e5-4bce-af4f-93ddf8b1d4d7,458.23,1165.49,1850.54,3172.99,1048.1626,1048.1626,0
59e5b7e5-2b74-401a-bb9d-ef8bd5a5711b,2240.71,5113.52,,2064.72,1535.6183,1696.2495,160.6312
f813ad2b-d1a6-4926-85d6-16d0a91c85ae,610.33,708.16,1206.76,11236.94,1537.4979,1539.1236,1.6257
5751515d-2f2d-49a1-9f13-f98fc5b82da0,702.51,385.5,0,901.58,675.2287,675.2287,0
2a92adfc-3622-4fd9-853a-eba8bed6885e,150,315,650.01,1123.3,655.0718,643.751,-11.3208
bce200bf-7b10-4fd5-b771-28dad948a603,765.59,7288.43,47,2174.32,1575.9722,1575.9722,0
5df02840-b6e0-4e82-83eb-378f88463b16,718.2,1125,887,2823.38,975.515,934.881,-40.634
4baeed01-51e2-462f-a4b5-2b38c6768943,,19.95,,,462.9132,462.9132,0
2f0df299-6032-45b0-9201-04f8e58e1061,3404.66,2471.8,439.84,2795.22,1495.8614,1747.3819,251.5205
3c5d8f47-5e0c-4f98-a457-5fbed51cbab3,3356.87,,,3041.05,1183.3498,966.827,-216.5228
23ca4c5c-9c2d-4416-af1f-c605846f5493,395.41,469.02,901.02,1401.08,751.0677,733.42,-17.6477
03d0c888-b6ba-4434-82cb-aab34795178d,665.58,440.34,153.08,1015.31,697.1588,701.7974,4.6386
fb910abc-dc64-41bf-9138-5366c7ed657d,15014.94,13497.36,10276.88,34364.4,7606.8501,7541.0913,-65.7588
00af21d7-a42f-49b2-9562-2257d1a747da,507,2835.86,267.43,1677.64,1006.6113,1003.0312,-3.5801
37073e5b-ab11-458a-b362-0d2cb7637c6a,,,1513.02,48786.63,4063.431,3218.4846,-844.9464
cf967328-6a13-4467-bcc0-adb44d3415ab,5372.97,5577.97,3562.27,6703.73,2696.076,2879.1847,183.1087
5d6917ac-c5e2-4f8f-8b2b-a9af5ffe61f6,3067.02,8226.35,1879.1,2337.79,2199.3642,2277.7316,78.3674
dff9486d-8a55-48ff-ab38-322a94142e99,,260.01,1250,1030.38,670.7292,645.1789,-25.5503
e3c99be6-0811-4ae0-b026-f957490f1d64,91.09,501.98,411.64,1374.43,665.2893,663.8596,-1.4297
c9fc4074-b1e0-4d60-8aec-a0c418c1b4c6,5683.43,85.23,7.87,3.11,1328.4013,1152.6881,-175.7132
d290d40f-1ab8-4035-bf1c-36654544099b,3750,7500,,7540,2428.459,2745.861,317.402
392661ae-281b-48dd-b922-3cd1562d8efc,3834.6,1991.25,,195.5,1282.5785,1871.2674,588.6889
e08bc877-eacd-4b04-b2b5-74558a4c88c2,1322.72,1192.01,1130.31,54.92,898.0739,936.6501,38.5762
81b6f584-1eb2-4347-ba51-5b852bbb03c9,114.61,871.48,396,1637,728.8358,725.7311,-3.1047
5eabf358-2692-4532-93a4-66a411f43bcb,1552.7,,1747.02,800,900.9137,900.9137,0
902723cd-da9b-4157-ad9c-d026f22eaaeb,14680.21,21399.55,15905.2,33445.23,8883.4992,9096.0855,212.5863
218809c3-fa51-44e2-a904-174d3af656b9,818.95,1101.45,1169.95,3683.38,1073.3864,1067.6174,-5.769
f5fab591-4353-4d0f-a577-f3f5d4383ad1,245.55,335.7,343.53,1303.48,658.525,655.9069,-2.6181
4c1a7f3b-dac1-4400-bc29-be2228dc0663,1218.08,2724.21,655.17,3238.95,1245.2361,1470.7954,225.5593
1cfc480d-3d1e-44eb-88e4-13d6f270bfc0,899.74,903.95,200,691.01,766.8875,766.8875,0
7806de99-9bc7-4e5e-94d3-32509167e1e4,436.94,1539.81,840.17,2855.19,979.2357,979.2357,0
f6744a52-c0da-4b2b-911c-d0aad9e92d2d,938.89,1813.5,1347.15,873.8,988.7347,987.2199,-1.5148
4614f782-852f-4fcd-b857-1a41f48ec434,701.76,959.25,1115.5,5170.99,1140.572,1207.1955,66.6235
f5b6a114-9568-4da8-970a-f3343129539f,7764.15,6947.48,145.99,11131.59,3238.2208,3157.087,-81.1338
5ba4b690-063d-4e4f-a6e2-2bc902c05f2c,32675.94,35784.57,33169.24,94919.09,19108.5744,19991.5324,882.958
e653f6d2-1b89-45a0-b817-f3a1c416dbd4,,2110.92,175,636.04,764.4422,764.4422,0
798318f5-e3e9-4d73-8ea2-23150486f794,864.58,1109.39,1349.6,5696.87,1239.8863,1239.8863,0
63200550-0c38-4cc0-8e03-b7c94a58199b,3643.64,4707.3,5197.49,18923.2,3344.4918,3344.4918,0
96567dd2-a270-4cfe-bc21-d92c76ce8a7a,390.71,697.67,344.46,1393.86,728.7009,733.1076,4.4067
ebf254bd-286e-48d5-bfa2-57c72a3b8113,1180.2,,193.9,2737.46,850.0514,850.0514,0
d6f3a3e7-ee38-473c-a71f-32db72b168df,661.45,576.78,1083.85,2081.4,867.6745,861.3778,-6.2967
9f732f18-f35e-48c2-b03b-63129c07d91c,,,,11,461.3942,461.3942,0
8eb7668a-3ce1-4e96-a205-300b866ee0d8,5847.36,11590.35,17553.07,59497.33,8415.1614,8346.0475,-69.1139
a3e55d9d-ddca-4c12-9149-1304821af4bb,5178.94,8239.71,8235.3,13131.24,3830.6966,3406.4996,-424.197
6b0ab081-1e4c-41df-92e5-c7c1b78b08c1,910.97,776.75,802.06,1401.34,855.8936,855.8936,0
9ce0cae5-69f0-406b-bfa7-5ff178a5d9cf,100,100,,1850,618.951,618.951,0
016bf13c-fbb4-449f-8891-aa21f4602b77,250.53,1921.28,,828.81,779.1179,748.3588,-30.7591
61d02f07-7aa3-4a0d-82e6-decea641e886,4.97,,5.06,287.11,482.2348,479.1839,-3.0509
a508edd5-0666-4648-87b9-e1ed165c1dff,831.34,,942.5,10752.7,1432.0588,1432.0588,0
bcd1abc0-7d92-4aae-ba9d-ff22cbb2d608,64009,34420.64,14554.25,16545.31,16506.2691,16447.7691,-58.5
b1ad7897-17c3-4573-98ce-8884358ced1c,,,,6858.78,948.9561,948.9561,0
7f217860-7ab4-4349-a83f-e77431681c9e,6508.3,8588.91,7457.2,18717.26,4402.7366,4387.7366,-15
2ff45033-6e21-460c-9553-6fdc5a656865,2064.16,2770.58,,11082.64,1880.6952,1880.6952,0
bf82c50c-0b1c-4c70-acaa-4cbc431ba9bd,800,600,13528.16,1941.64,1944.0406,1936.1559,-7.8847
01684821-2213-4aa6-af7f-6986a9a1b012,3743.88,6859.37,532.37,120,1870.7678,1915.9441,45.1763
a6f371ff-2124-4b94-b8d4-f6c967ccdbc6,8149,8616.46,6488,38100.41,5950.6441,5668.5295,-282.1146
142b839a-2294-4fe4-be71-cefe4f93a7e8,671178.22,491659.14,849606.28,1771925.86,357129.2489,135221.3602,-221907.8887
e264351a-c21d-4047-bac1-2313d2f1b67b,1277.1,0.01,214.79,761.5,725.7607,722.7574,-3.0033
53b3e4c5-9452-4caf-91f9-47cc5b9bdf4b,5632.3,1081.45,721,3188.95,1723.3878,1723.3878,0
24fadc78-8eeb-473d-84b9-9519815be55a,6139.51,1222.63,610.01,9674.03,2268.4264,2411.9055,143.4791
60908936-8772-4240-9d18-d8ef665fbcc9,0.2,,4854.4,2225,1033.6269,1033.6269,0
eb95dcd1-9097-4640-8e55-34a278abebfe,3050,400,1000,955,1120.107,1108.107,-12
26b1f9ee-f3af-4ec0-b21c-1da448462ee1,19.78,143.09,751.6,1609.75,658.9073,658.4582,-0.4491
4969e3ce-2b05-4601-a460-014f17d85b96,16406.72,16593.39,4793.5,24886.31,7030.8918,7038.5963,7.7045
38c33f81-29f7-445d-b90a-44f54b5470de,564.22,305.48,467.36,885.89,683.9357,641.2773,-42.6584
4af5e0a7-b160-49fc-b01d-c36f57829610,17218.21,8609.11,,,4050.6084,5070.5458,1019.9374
12763aa3-af45-4c44-8c52-33ab5e3c0335,,3350,120,1825,987.389,1154.363,166.974
2e32b5c4-4b52-48b7-ae27-afb4b1f5f0b1,2392.98,2770.99,2499.62,4216.18,1654.9042,1831.5751,176.6709
14adf6b3-4836-4ca1-b8d8-718c1469fb4a,1745.48,1398.33,307.59,2920.76,1119.423,1517.8754,398.4524
5a04370c-33a6-4bcd-8611-b975902d6491,1000,,,1085.11,688.6708,577.079,-111.5918
4c178b3d-fa83-41dc-b24d-37eed73faaed,2516,5486.42,3983,13932.5,2805.2989,2465.7307,-339.5682
a21be918-7e1d-4df9-a3e3-c56d9d3511e2,47.1,371.98,201.85,2062.44,674.7239,619.7117,-55.0122
9d12fe08-afd1-4266-b8ee-020a359313bc,4016.97,3928.67,27346.01,4073.61,4145.1289,7728.6665,3583.5376
8336526c-f0fe-4e17-9d02-bded92c35ed6,643,790,650,2103,853.985,862.079,8.094
d1a98792-e540-4d84-813b-e285570c2554,1404.27,1895.39,2002.7,0.63,1062.1784,1174.416,112.2376
99467598-c95b-4676-8052-f8995d718e44,358.8,373.8,383.19,996.75,661.5476,649.6878,-11.8598
d6463dff-5365-4c01-9985-3c6a0da15b77,,,203.49,1161.13,560.6615,496.2661,-64.3954
9018b29f-0c86-4899-9591-4bf5d1292930,8087.6,5275.31,1025,15829.75,3503.6051,4051.8159,548.2108
e45dfafa-48e6-48ce-b444-a3b58b5fd82f,1135.61,193.47,115.3,343.26,688.4742,631.2072,-57.267
19aa0a52-281e-47dd-8145-cd9fe5dc4258,167.18,1060.79,215.29,2071.44,774.1092,722.312,-51.7972
f23d03a5-6e2f-4e3a-8143-a82d553827bf,35976.14,54356.4,,,12158.5415,15516.7922,3358.2507
5fd39ba5-276d-4173-a22d-6508a100d849,3764,,,,1028.2222,1460.4766,432.2544
e527b4d0-7cbc-4144-a49c-9081d6d5b5a9,164.7,1041,100,840.23,673.9435,671.8452,-2.0983
311f4464-3024-48d2-9cac-793842af2754,13336.87,4812.1,854.86,40701.62,5998.0877,5221.8172,-776.2705
c82b73ef-2747-4a9c-b3f8-7a6cf9466a95,2500,3666.54,,322.07,1283.6611,1864.8013,581.1402
ce1f8a9f-73fd-445e-aafa-e929e0073699,33203.21,31678.04,34458.5,109740.33,19879.5683,20213.9878,334.4195
16119f7f-0773-4680-abf8-b7767ed9bcdb,3200.18,1429.9,1758.59,,1258.3922,1000.8026,-257.5896
1b495c1d-c749-4167-912d-80ad47095c87,3,4200,,,945.7434,821.1965,-124.5469
d760fdab-4129-474c-9fc4-4b255596aedb,3,612.32,526.83,1920.19,713.4339,684.0292,-29.4047
9be9f16e-b344-47f4-924f-d7e8bb883033,198.62,458.06,493.17,1492.57,691.8107,706.841,15.0303
e97266fe-99da-49de-b473-48e73d745142,1165.9,1563.71,6929.16,8095.3,1985.0165,1958.5774,-26.4391
dfc33679-cc43-4dd6-b8db-8c9bdae44458,,2606.83,8.36,,762.1531,698.567,-63.5861
65ef4b36-821c-44a8-a2be-b22dcdad208c,11793.34,1820,,,2449.0747,3379.444,930.3693
63afac06-f331-44ca-8665-75dd3b0f8271,910.16,733.04,186.11,491.83,733.368,763.6704,30.3024
86a5e37b-8eae-4186-a7d3-3008c7b9f5b4,1112.09,6315.64,10843.62,20827.35,3766.0915,3664.4972,-101.5943
6e495a35-786c-46c1-a99c-81b7360546e2,4003,7465.75,4003.99,7422.69,2796.2472,2795.9772,-0.27
5301695a-2463-4e41-a0c9-343afb3be753,2049.1,1443.75,,,936.224,1517.014,580.79
a0dcf2c3-b83c-49fe-b1dd-f6c32c0613e9,2052.99,1609.12,1153.29,4836.07,1398.7135,1392.4036,-6.3099
469e70e8-942c-4443-940e-8550beda5432,5419.75,5201,5235.59,16177.56,3477.0664,3477.0664,0
41c25a63-2768-44a3-8a5d-1e01a4cba6ec,0.27,0,,162.86,472.2473,472.2371,-0.0102
430fccc4-4b1a-4f83-9c32-5d83210277ae,2908.5,3061.97,2280.64,3994,1731.7036,1749.2539,17.5503
50e04472-7133-4504-a2a4-e2a39810c103,869.4,1716.79,781.86,1025.09,929.5913,921.859,-7.7323
c12fa50b-3f3b-4fbc-a57b-34a23f4bf2b5,,1000,1450,,699.841,667.001,-32.84
4286a22f-8a02-45a9-a713-e974d8777b74,1396.31,626.73,435.2,1260.79,870.4335,971.3214,100.8879
61e23b3b-6689-4858-97be-a773a1a4f4f4,864.7,1200,926.77,,808.6339,794.5009,-14.133
fc9bed61-1354-4239-8de1-f5868091daaa,946.72,1906.1,1834.66,6277.1,1426.9498,1345.5682,-81.3816
8d36cfb9-76ef-4ea8-a856-e1c96228ac83,1743.17,397.73,249.03,536.14,828.8194,802.5972,-26.2222
ab0bd1cc-81ad-42b9-85dd-758b6c77e1bf,25039.14,37758.45,18092.86,11377.45,10949.0431,12375.2192,1426.1761
7253aba3-e53c-40bc-9849-30014ed5549f,162.75,150,,4253.54,805.3157,952.7696,147.4539
ffd2e58c-33b8-49d1-a8ea-e40ed6cdea4f,,11966.51,42,750,1898.5331,1845.8375,-52.6956
04b9f2d4-e33b-4b0d-870b-513244867e4e,504.51,2555,89.21,4197.62,1138.0272,1102.0851,-35.9421
bdcb7419-4eec-4b66-9ceb-bd3b066e12c7,53163.89,6537.31,0,36727.55,11847.1327,11832.9955,-14.1372
ecb19b12-725e-48c5-8fb2-e4d2edd84a5e,21433.11,1100,,1853.98,3951.6674,3399.9725,-551.6949
27b1371b-2eb7-4432-bafa-c580009f6c54,3871.84,7500.95,790,31.98,1979.8371,1907.2454,-72.5917
aa8dd5ed-0e44-451b-8165-3104920071d9,495.72,1166.53,409.77,4211.22,1004.8164,921.0533,-83.7631
e338d891-4a46-4134-bfef-5f7c958a8c12,4332.61,1887.96,2355.25,7002.28,2031.5399,2056.6107,25.0708
ca7615d0-45ba-4a29-b4a9-7df7ceb58753,772.97,1199.46,772.98,1234.17,869.478,841.1097,-28.3683
3374590d-9d70-4aa3-b224-0ebf6deff386,1219.76,1193.94,157.2,360.59,821.4304,767.0269,-54.4035
ea2a227b-1db4-4d0a-8f41-21875171b3cf,30676.74,35024.37,14253.25,65243.94,14991.0718,15124.6836,133.6118
06cf0925-56b0-4e99-9420-baa4e867cffa,10916.27,14435.74,12683.37,37447.8,7522.1121,8298.6389,776.5268
1bb29be6-8b19-4c15-ae13-00ff9515abd2,,47.75,,1982.9,607.3038,629.5544,22.2506
8d9f765a-2c2f-4729-8e48-e7efbfe4eaae,2286,2072.75,870.01,1404.4,1218.8273,1257.2605,38.4332
258cf4fb-bb43-41c4-ac80-e85e243d3fd1,0,,,4052.42,749.1433,650.1753,-98.968
d689ead9-cee3-4942-8956-7a4dc4b39c9e,21151.7,21524.75,13447.66,127422.12,16355.1286,16277.1113,-78.0173
5e9a1010-e7f5-4dbc-9a60-b1a47e90ce1a,1384.64,3969.04,199.02,1421.86,1245.6747,1245.6747,0
dd2ecd94-c0c2-4acd-8145-0a6e475a832e,11886.06,15603.05,42734.91,10398.78,8443.5753,8458.5273,14.952
a9ede8e6-b317-4f58-a650-716f5fef01c5,1000,,1000,2000,839.211,696.811,-142.4
8d73e15e-417a-48dd-a4ae-47dcc534016e,278.62,146.12,231.68,2277.96,701.4654,701.4654,0
33f3e301-13b6-4f24-bc30-514216be1d51,2211.15,,,2158.6,947.7447,869.47,-78.2747
c9c78a67-6722-4c1b-8689-e9f9e266727a,2731.3,1830.05,115,592.25,1135.668,1157.7275,22.0595
b7a0e194-7fac-4993-b59b-94f6f36dce09,969.34,570.3,767.86,1365.26,835.3818,794.2631,-41.1187
757435c1-0c69-4c90-938b-45b2583ab119,10644.98,8263.98,7656.3,22550.17,5278.9574,4831.5264,-447.431
f401c541-5342-4909-9b03-cceb72ed01a0,,1421.31,278.01,2404.47,819.5705,810.5817,-8.9888
67391b90-9a23-4e41-887b-77151cdf47f2,,5400,0.22,1500.02,1190.5912,1028.5912,-162
d234c8d2-ced4-4b5d-879d-248306344443,3024.17,1572.72,1229.29,7999.86,1772.7191,1850.4455,77.7264
4da34d39-dcc9-4691-8bd0-a3bdacb4f83f,589.88,322.24,147.8,1740.05,723.2651,734.0961,10.831
9a03f6c0-a5e5-4ff3-8e14-072c73ac7557,1583.49,640.52,7.06,2000.62,916.3644,978.4215,62.0571
b083b05e-a3aa-4692-8583-130bb0090c11,16507.5,6008,9000,26250,6280.8652,5689.7812,-591.084
bb73f541-b109-4539-a395-e0d6373f9ce5,402.5,1687.95,1101.27,5240.06,1183.2382,1084.2303,-99.0079
4c3b30fe-0a99-4a0c-a35d-98963a611d75,4425,7340,1300,11025,2870.937,2400.052,-470.885
670cbc18-ffb3-4f9f-91f9-1124bad91871,724.18,324,252,834,688.1085,682.4125,-5.696
11a50b07-898e-44f0-9724-92e954cd4150,24703.51,5458.58,5329.54,34705.88,7742.0218,6810.5428,-931.479
63748346-b860-4f1e-9254-ca7ad1fddf50,4746.98,1768.53,669.45,42.14,1440.7153,1236.6015,-204.1138
717ceec9-eb7f-464a-9fb9-3e7d150599fd,2161.75,2054.74,361.05,4653.77,1385.902,1370.1605,-15.7415
0623ec9b-8948-4fec-8ee2-9b153cd5550c,187.5,3217.5,1030,6921.44,1440.954,1590.3607,149.4067
2611f394-0165-4031-b334-3a112388c814,4796.49,3229.01,3706.52,9719.1,2565.0862,2659.3875,94.3013
c9f0058d-a416-464d-9e44-4c4df7f9fbeb,2293.25,,,161.88,817.959,817.959,0
5b561268-e3c7-4558-8770-0c42e9cd00cb,10043.33,9990.93,5334.42,2000,3726.058,4094.0881,368.0301
99971bad-9732-4169-9ddd-d872445a82f6,2165.24,967.42,72.52,1627.47,1020.8385,1069.4146,48.5761
b0ac59a2-a881-4fe6-b16e-5b7fefbef730,149.8,7.77,883.3,2112.05,709.9093,676.1993,-33.71
ed4016ce-938f-4cd8-8a2b-2a9608250a26,3300.08,3151.54,3299.46,10465.49,2348.8676,2348.8676,0
1eb5fdd0-66b2-46a2-b90b-97cd8e18f17b,,,,4854.49,806.2507,806.2507,0
e406955f-e2ef-4ae1-aeaf-af296b9bb451,643,813.7,946.7,3998.88,1017.0448,950.5848,-66.46
ea9b6eaa-1f6d-42a3-a884-330120f6ea22,24.02,608.4,106.17,1194.92,628.5878,567.2216,-61.3662
2477fba5-5f0d-4d0a-bafb-9d9ee699e32c,207.2,14509.43,19.21,26859.06,4080.2506,3873.0186,-207.232
2ed78085-35ca-448b-851d-9b61de066659,1534.46,440.2,289.57,578.91,808.7543,781.8676,-26.8867
bed1fa86-468a-4bb0-b3b5-1f2ca9570c02,3928.87,6184.12,5128.64,17195.05,3429.0055,1828.7361,-1600.2694
659a62c4-2c3b-482c-a61c-a2580ecc1d93,,,4532.82,2912.11,1055.0561,1026.5395,-28.5166
32311e09-d565-4454-9399-48d53e55a86a,,,,992.86,531.3026,531.3026,0
25b45891-5e7d-4e09-8222-224f68671263,787.5,3600,1097.51,250,1106.3334,1106.3334,0
d6006030-5396-4a15-9002-7f799bbea902,,398,,2000,648.9402,2111.7002,1462.76
55911082-f91e-4558-abcc-af95436cee3b,403.04,2670.82,404.99,1265.88,954.3189,952.7042,-1.6147
bdd6d96b-ef4a-40fa-82b0-a95e8899f062,5221.98,8848.8,1125,36.44,2367.9066,2367.9066,0
063c93dd-067f-4e10-8473-d1ece9964912,,847.08,43.78,1387.36,660.8829,660.8829,0
145cfe8b-535f-4486-9276-1139a2512d4b,6999.75,2560.01,,228.81,1827.8897,1827.8897,0
5309686b-26fe-45b1-ac96-e9bb5605776e,1500,1500,1500,4500,1308.411,1308.411,0
94e01597-417b-4870-87a9-ce0f63f98ee4,19113.16,2302.79,,1184.3,3692.9397,3692.7923,-0.1474
a704882c-bae8-43c0-b667-a4db480f14da,2257,650,500,867.5,980.4426,980.4426,0
86b7bfa1-c65b-43d3-bf27-d8c9669c356f,1698.02,4063.77,1634.81,8205.5,1909.4758,1923.9514,14.4756
1a6b4137-e32c-4418-be07-283149ab00df,31131.07,5136.23,1398.08,66527.53,10604.0535,10615.0777,11.0242
c26a8d4b-44e9-4260-b8ba-027d4f882b4b,,,,1125.65,540.7573,540.7573,0
1bbfd9c8-4931-4ccc-9d71-2aae64ad96dc,6509.94,4604.05,3015.85,7777.91,2784.9581,2784.9581,0
31f3a4b5-c4de-474e-a5b8-2d6c2a00d332,1818.95,57.66,1664.12,226.08,899.7754,899.7754,0
ea020388-67dd-4635-9734-8c742ed27c7c,339.58,,125,4877.95,869.8047,841.4885,-28.3162
16b614df-2f35-4bca-8bc6-d7aaa2d57d5d,211.89,458.51,1568.15,11427.3,1493.0198,1469.1866,-23.8332
8d9bdb8b-0531-4fd7-af23-8f8c5f74b3d4,1388.3,3489.21,624.47,,1125.9512,1165.3899,39.4387
9b2b8da7-487d-41a3-8e68-4f9b1b354db9,4560.18,0.75,810.8,21759.1,2766.8629,2766.8629,0
d4643b19-d2d7-4ebd-af73-11a8226647d9,,300,1832,3802,922.3862,651.6838,-270.7024
35631fed-53ce-4b9a-a653-6b3fd1f2fe6c,19086.49,6841.53,,10047.34,4843.7369,5133.3382,289.6013
47de6377-c442-44a7-b01b-893376efe581,297,73.27,2060,9688.6,1379.6063,1379.2027,-0.4036
bc36650b-1a39-41c7-a1b6-89ff4e48df2f,228.58,4075.25,27.38,52628.41,4714.8458,4702.6371,-12.2087
445dfdbe-c925-460d-bd46-ae272a17e5e7,999.27,26.48,994.5,5676.9,1103.4823,1103.4823,0
992a83c7-859b-48c0-97d2-71bf5e017514,350,,315,10144.4,1262.5733,1258.1003,-4.473
c09ea4e9-d3f1-45f2-8cbc-2d3253a232cd,1100.27,417.55,1125.73,1270,861.2783,863.4785,2.2002
74c20898-d740-4a64-a089-bcb01c673096,1236.68,1319.01,1532.29,582.99,971.6826,969.7983,-1.8843
a490c141-4d40-4470-b4c1-fafa327ee53c,16772.39,1274.55,2087.58,5181.01,3684.1377,3684.1377,0
37914e6c-fba4-4283-8b2e-059c1971a499,18937.79,16602.83,2498.11,208.74,5460.5972,5901.6218,441.0246
e3c5a9dc-4e71-44d6-a993-206de27ef51c,,7200,11746.1,8287.03,2884.6445,3318.9485,434.304
0740bd4b-bdc1-4bed-937d-6c1a0c56972a,417.81,364.99,483.44,3208.36,835.4576,835.4576,0
5c1f6697-154f-44df-9cfa-ad9747426d46,706.03,784.26,487.43,1322.22,793.3525,818.5957,25.2432
cb438a76-49bc-4722-a96a-67a66b7e8ca5,400,544.82,250,1181.72,689.2917,686.4355,-2.8562
27e74ff5-b706-4179-9800-a44ca2f08d86,60.42,1050,,1052.33,665.8182,664.862,-0.9562
a883bcc7-ddaa-433b-95f4-873d78732c6b,4740.27,3794.87,3385.43,18988.92,3254.4985,3326.233,71.7345
